This is pdfTeX, Version 3.141592653-2.6-1.40.29 (MiKTeX 26.2) (preloaded format=pdflatex 2026.3.26)  16 JUN 2026 23:01
entering extended mode
 restricted \write18 enabled.
 %&-line parsing enabled.
**./thesis.tex
(thesis.tex
LaTeX2e <2025-11-01>
L3 programming layer <2026-01-19>
(C:\Users\matti\AppData\Local\Programs\MiKTeX\tex/latex/toptesi\toptesi.cls
Document Class: toptesi 2025-01-15 v.6.4.07 Class for typesetting university th
eses
(C:\Users\matti\AppData\Local\Programs\MiKTeX\tex/latex/fancyvrb\fancyvrb.sty
Package: fancyvrb 2025/07/28 4.6 verbatim text (tvz,hv)

(C:\Users\matti\AppData\Local\Programs\MiKTeX\tex/latex/graphics\keyval.sty
Package: keyval 2022/05/29 v1.15 key=value parser (DPC)
\KV@toks@=\toks17
)
\FV@CodeLineNo=\count275
\FV@InFile=\read2
\FV@TabBox=\box53
\c@FancyVerbLine=\count276
\FV@StepNumber=\count277
\FV@OutFile=\write3
)
(C:\Users\matti\AppData\Local\Programs\MiKTeX\tex/latex/tools\trace.sty
Package: trace 2021/04/18 v1.1f trace LaTeX code
)
(C:\Users\matti\AppData\Local\Programs\MiKTeX\tex/latex/xkeyval\xkeyval.sty
Package: xkeyval 2022/06/16 v2.9 package option processing (HA)

(C:\Users\matti\AppData\Local\Programs\MiKTeX\tex/generic/xkeyval\xkeyval.tex
(C:\Users\matti\AppData\Local\Programs\MiKTeX\tex/generic/xkeyval\xkvutils.tex
\XKV@toks=\toks18
\XKV@tempa@toks=\toks19
)
\XKV@depth=\count278
File: xkeyval.tex 2014/12/03 v2.7a key=value parser (HA)
)) (C:\Users\matti\AppData\Local\Programs\MiKTeX\tex/latex/base\report.cls
Document Class: report 2025/01/22 v1.4n Standard LaTeX document class
(C:\Users\matti\AppData\Local\Programs\MiKTeX\tex/latex/base\size10.clo
File: size10.clo 2025/01/22 v1.4n Standard LaTeX file (size option)
)
\c@part=\count279
\c@chapter=\count280
\c@section=\count281
\c@subsection=\count282
\c@subsubsection=\count283
\c@paragraph=\count284
\c@subparagraph=\count285
\c@figure=\count286
\c@table=\count287
\abovecaptionskip=\skip49
\belowcaptionskip=\skip50
\bibindent=\dimen148
)
(C:\Users\matti\AppData\Local\Programs\MiKTeX\tex/generic/iftex\iftex.sty
Package: iftex 2024/12/12 v1.0g TeX engine tests
)
(C:\Users\matti\AppData\Local\Programs\MiKTeX\tex/generic/babel\babel.sty
Package: babel 2026/03/08 v26.4 The multilingual framework for LuaLaTeX, pdfLaT
eX and XeLaTeX
\babel@savecnt=\count288
LaTeX Encoding Info:    Redeclaring text command \ij (encoding OT1) on input li
ne 2078.
LaTeX Encoding Info:    Redeclaring text command \IJ (encoding OT1) on input li
ne 2080.
LaTeX Encoding Info:    Redeclaring text command \ij (encoding T1) on input lin
e 2082.
LaTeX Encoding Info:    Redeclaring text command \IJ (encoding T1) on input lin
e 2083.
LaTeX Encoding Info:    Ignoring declaration for text command \ij (encoding ?) 
on input line 2084.
LaTeX Encoding Info:    Ignoring declaration for text command \IJ (encoding ?) 
on input line 2086.
LaTeX Encoding Info:    Ignoring declaration for text command \SS (encoding ?) 
on input line 2111.
\U@D=\dimen149
\l@unhyphenated=\language79

(C:\Users\matti\AppData\Local\Programs\MiKTeX\tex/generic/babel\txtbabel.def)
\bbl@readstream=\read3
\bbl@dirlevel=\count289
Package babel Info: Configuration files are deprecated, as
(babel)             they can break document portability.
(babel)             Reported on input line 4206.

*************************************
* Local config file bblopts.cfg used
*
(C:\Users\matti\AppData\Local\Programs\MiKTeX\tex/latex/arabi\bblopts.cfg
File: bblopts.cfg 2005/09/08 v0.1 add Arabic and Farsi to "declared" options of
 babel
)
(C:\Users\matti\AppData\Local\Programs\MiKTeX\tex/generic/babel/locale/en\babel
-english.tex)
(C:\Users\matti\AppData\Local\Programs\MiKTeX\tex/generic/babel/locale/it\babel
-italian.tex)
Package babel Info: Importing font and identification data for english
(babel)             from babel-en.ini. Reported on input line 4330.

(C:\Users\matti\AppData\Local\Programs\MiKTeX\tex/latex/babel-english\english.l
df
Language: english 2017/06/06 v3.3r English support from the babel system
Package babel Info: Hyphen rules for 'canadian' set to \l@english
(babel)             (\language0). Reported on input line 102.
Package babel Info: Hyphen rules for 'australian' set to \l@ukenglish
(babel)             (\language73). Reported on input line 105.
Package babel Info: Hyphen rules for 'newzealand' set to \l@ukenglish
(babel)             (\language73). Reported on input line 108.
)
Package babel Info: Importing font and identification data for italian
(babel)             from babel-it.ini. Reported on input line 4330.

(C:\Users\matti\AppData\Local\Programs\MiKTeX\tex/latex/babel-italian\italian.l
df
Language: italian 2026/01/13 v.1.5.02 Italian support for the babel system
\it@lettering=\count290
\it@doublequoteactive=\count291
\it@ISOcompliance=\count292
))
(C:\Users\matti\AppData\Local\Programs\MiKTeX\tex/latex/etoolbox\etoolbox.sty
Package: etoolbox 2025/10/02 v2.5m e-TeX tools for LaTeX (JAW)
\etb@tempcnta=\count293
)
(C:\Users\matti\AppData\Local\Programs\MiKTeX\tex/latex/toptesi\toptesi.sty
Package: toptesi 2025-01-15 v.6.4.07 Extension for toptesi.cls
\T@Pbinding=\skip51

(C:\Users\matti\AppData\Local\Programs\MiKTeX\tex/latex/koma-script\scrextend.s
ty
Package: scrextend 2026/02/02 v3.49.2 KOMA-Script package (extend other classes
 with features of KOMA-Script classes)

(C:\Users\matti\AppData\Local\Programs\MiKTeX\tex/latex/koma-script\scrkbase.st
y
Package: scrkbase 2026/02/02 v3.49.2 KOMA-Script package (KOMA-Script-dependent
 basics and keyval usage)

(C:\Users\matti\AppData\Local\Programs\MiKTeX\tex/latex/koma-script\scrbase.sty
Package: scrbase 2026/02/02 v3.49.2 KOMA-Script package (KOMA-Script-independen
t basics and keyval usage)

(C:\Users\matti\AppData\Local\Programs\MiKTeX\tex/latex/koma-script\scrlfile.st
y
Package: scrlfile 2026/02/02 v3.49.2 KOMA-Script package (file load hooks)

(C:\Users\matti\AppData\Local\Programs\MiKTeX\tex/latex/koma-script\scrlfile-ho
ok.sty
Package: scrlfile-hook 2026/02/02 v3.49.2 KOMA-Script package (using LaTeX hook
s)

(C:\Users\matti\AppData\Local\Programs\MiKTeX\tex/latex/koma-script\scrlogo.sty
Package: scrlogo 2026/02/02 v3.49.2 KOMA-Script package (logo)
)))
Applying: [2021/05/01] Usage of raw or classic option list on input line 254.
Already applied: [0000/00/00] Usage of raw or classic option list on input line
 370.
))) (C:\Users\matti\AppData\Local\Programs\MiKTeX\tex/latex/tools\xspace.sty
Package: xspace 2014/10/28 v1.13 Space after command names (DPC,MH)
)
(C:\Users\matti\AppData\Local\Programs\MiKTeX\tex/latex/l3packages/xparse\xpars
e.sty
(C:\Users\matti\AppData\Local\Programs\MiKTeX\tex/latex/l3kernel\expl3.sty
Package: expl3 2026-01-19 L3 programming layer (loader) 

(C:\Users\matti\AppData\Local\Programs\MiKTeX\tex/latex/l3backend\l3backend-pdf
tex.def
File: l3backend-pdftex.def 2025-10-09 L3 backend support: PDF output (pdfTeX)
\l__color_backend_stack_int=\count294
))
Package: xparse 2025-10-09 L3 Experimental document command parser
)
valore=0
(C:\Users\matti\AppData\Local\Programs\MiKTeX\tex/latex/graphics\graphicx.sty
Package: graphicx 2024/12/31 v1.2e Enhanced LaTeX Graphics (DPC,SPQR)

(C:\Users\matti\AppData\Local\Programs\MiKTeX\tex/latex/graphics\graphics.sty
Package: graphics 2024/08/06 v1.4g Standard LaTeX Graphics (DPC,SPQR)

(C:\Users\matti\AppData\Local\Programs\MiKTeX\tex/latex/graphics\trig.sty
Package: trig 2023/12/02 v1.11 sin cos tan (DPC)
)
(C:\Users\matti\AppData\Local\Programs\MiKTeX\tex/latex/graphics-cfg\graphics.c
fg
File: graphics.cfg 2016/06/04 v1.11 sample graphics configuration
)
Package graphics Info: Driver file: pdftex.def on input line 106.

(C:\Users\matti\AppData\Local\Programs\MiKTeX\tex/latex/graphics-def\pdftex.def
File: pdftex.def 2025/09/29 v1.2d Graphics/color driver for pdftex
))
\Gin@req@height=\dimen150
\Gin@req@width=\dimen151
)
\interno=\skip52
\@intesta=\box54
\TOPsecnumdepth=\count295
\SDcaptionwidth=\dimen152
\SDfigurewidth=\dimen153
\SDlinewidth=\dimen154
\SDfigbox=\box55
\SDcapbox=\box56
\c@SDpage=\count296
\c@NumberSD=\count297
LaTeX Font Info:    Redeclaring math symbol \virgola on input line 730.
LaTeX Font Info:    Redeclaring math symbol \virgoladecimale on input line 731.

\c@tomo=\count298
)
(C:\Users\matti\AppData\Local\Programs\MiKTeX\tex/latex/toptesi\toptesi-magistr
ale.sty
Package: toptesi-magistrale 2025-01-15 v.6.4.07 Master degree title page
\TPT@logospace=\skip53
\TPT@logobox=\box57
\TPT@logoheight=\dimen155
\T@Tlogoheight=\skip54

(C:\Users\matti\AppData\Local\Programs\MiKTeX\tex/latex/toptesi\toptesi.cfg)))
(common/packages.tex
(C:\Users\matti\AppData\Local\Programs\MiKTeX\tex/latex/base\inputenc.sty
Package: inputenc 2024/02/08 v1.3d Input encoding file
\inpenc@prehook=\toks20
\inpenc@posthook=\toks21
)
(C:\Users\matti\AppData\Local\Programs\MiKTeX\tex/latex/base\fontenc.sty
Package: fontenc 2025/07/18 v2.1d Standard LaTeX package
)
(C:\Users\matti\AppData\Local\Programs\MiKTeX\tex/latex/lm\lmodern.sty
Package: lmodern 2015/05/01 v1.6.1 Latin Modern Fonts
LaTeX Font Info:    Overwriting symbol font `operators' in version `normal'
(Font)                  OT1/cmr/m/n --> OT1/lmr/m/n on input line 22.
LaTeX Font Info:    Overwriting symbol font `letters' in version `normal'
(Font)                  OML/cmm/m/it --> OML/lmm/m/it on input line 23.
LaTeX Font Info:    Overwriting symbol font `symbols' in version `normal'
(Font)                  OMS/cmsy/m/n --> OMS/lmsy/m/n on input line 24.
LaTeX Font Info:    Overwriting symbol font `largesymbols' in version `normal'
(Font)                  OMX/cmex/m/n --> OMX/lmex/m/n on input line 25.
LaTeX Font Info:    Overwriting symbol font `operators' in version `bold'
(Font)                  OT1/cmr/bx/n --> OT1/lmr/bx/n on input line 26.
LaTeX Font Info:    Overwriting symbol font `letters' in version `bold'
(Font)                  OML/cmm/b/it --> OML/lmm/b/it on input line 27.
LaTeX Font Info:    Overwriting symbol font `symbols' in version `bold'
(Font)                  OMS/cmsy/b/n --> OMS/lmsy/b/n on input line 28.
LaTeX Font Info:    Overwriting symbol font `largesymbols' in version `bold'
(Font)                  OMX/cmex/m/n --> OMX/lmex/m/n on input line 29.
LaTeX Font Info:    Overwriting math alphabet `\mathbf' in version `normal'
(Font)                  OT1/cmr/bx/n --> OT1/lmr/bx/n on input line 31.
LaTeX Font Info:    Overwriting math alphabet `\mathsf' in version `normal'
(Font)                  OT1/cmss/m/n --> OT1/lmss/m/n on input line 32.
LaTeX Font Info:    Overwriting math alphabet `\mathit' in version `normal'
(Font)                  OT1/cmr/m/it --> OT1/lmr/m/it on input line 33.
LaTeX Font Info:    Overwriting math alphabet `\mathtt' in version `normal'
(Font)                  OT1/cmtt/m/n --> OT1/lmtt/m/n on input line 34.
LaTeX Font Info:    Overwriting math alphabet `\mathbf' in version `bold'
(Font)                  OT1/cmr/bx/n --> OT1/lmr/bx/n on input line 35.
LaTeX Font Info:    Overwriting math alphabet `\mathsf' in version `bold'
(Font)                  OT1/cmss/bx/n --> OT1/lmss/bx/n on input line 36.
LaTeX Font Info:    Overwriting math alphabet `\mathit' in version `bold'
(Font)                  OT1/cmr/bx/it --> OT1/lmr/bx/it on input line 37.
LaTeX Font Info:    Overwriting math alphabet `\mathtt' in version `bold'
(Font)                  OT1/cmtt/m/n --> OT1/lmtt/m/n on input line 38.
)
(C:\Users\matti\AppData\Local\Programs\MiKTeX\tex/latex/hyperref\hyperref.sty
Package: hyperref 2026-01-29 v7.01p Hypertext links for LaTeX

(C:\Users\matti\AppData\Local\Programs\MiKTeX\tex/latex/kvsetkeys\kvsetkeys.sty
Package: kvsetkeys 2022-10-05 v1.19 Key value parser (HO)
)
(C:\Users\matti\AppData\Local\Programs\MiKTeX\tex/generic/kvdefinekeys\kvdefine
keys.sty
Package: kvdefinekeys 2019-12-19 v1.6 Define keys (HO)
)
(C:\Users\matti\AppData\Local\Programs\MiKTeX\tex/generic/pdfescape\pdfescape.s
ty
Package: pdfescape 2019/12/09 v1.15 Implements pdfTeX's escape features (HO)

(C:\Users\matti\AppData\Local\Programs\MiKTeX\tex/generic/ltxcmds\ltxcmds.sty
Package: ltxcmds 2023-12-04 v1.26 LaTeX kernel commands for general use (HO)
)
(C:\Users\matti\AppData\Local\Programs\MiKTeX\tex/generic/pdftexcmds\pdftexcmds
.sty
Package: pdftexcmds 2020-06-27 v0.33 Utility functions of pdfTeX for LuaTeX (HO
)

(C:\Users\matti\AppData\Local\Programs\MiKTeX\tex/generic/infwarerr\infwarerr.s
ty
Package: infwarerr 2019/12/03 v1.5 Providing info/warning/error messages (HO)
)
Package pdftexcmds Info: \pdf@primitive is available.
Package pdftexcmds Info: \pdf@ifprimitive is available.
Package pdftexcmds Info: \pdfdraftmode found.
))
(C:\Users\matti\AppData\Local\Programs\MiKTeX\tex/latex/hycolor\hycolor.sty
Package: hycolor 2020-01-27 v1.10 Color options for hyperref/bookmark (HO)
)
(C:\Users\matti\AppData\Local\Programs\MiKTeX\tex/latex/hyperref\nameref.sty
Package: nameref 2026-01-29 v2.58 Cross-referencing by name of section

(C:\Users\matti\AppData\Local\Programs\MiKTeX\tex/latex/refcount\refcount.sty
Package: refcount 2019/12/15 v3.6 Data extraction from label references (HO)
)
(C:\Users\matti\AppData\Local\Programs\MiKTeX\tex/generic/gettitlestring\gettit
lestring.sty
Package: gettitlestring 2019/12/15 v1.6 Cleanup title references (HO)

(C:\Users\matti\AppData\Local\Programs\MiKTeX\tex/latex/kvoptions\kvoptions.sty
Package: kvoptions 2022-06-15 v3.15 Key value format for package options (HO)
))
\c@section@level=\count299
)
(C:\Users\matti\AppData\Local\Programs\MiKTeX\tex/generic/stringenc\stringenc.s
ty
Package: stringenc 2019/11/29 v1.12 Convert strings between diff. encodings (HO
)
)
\@linkdim=\dimen156
\Hy@linkcounter=\count300
\Hy@pagecounter=\count301
 (C:\Users\matti\AppData\Local\Programs\MiKTeX\tex/latex/hyperref\pd1enc.def
File: pd1enc.def 2026-01-29 v7.01p Hyperref: PDFDocEncoding definition (HO)
Now handling font encoding PD1 ...
... no UTF-8 mapping file for font encoding PD1
) (C:\Users\matti\AppData\Local\Programs\MiKTeX\tex/generic/intcalc\intcalc.sty
Package: intcalc 2019/12/15 v1.3 Expandable calculations with integers (HO)
)
\Hy@SavedSpaceFactor=\count302
 (C:\Users\matti\AppData\Local\Programs\MiKTeX\tex/latex/hyperref\puenc.def
File: puenc.def 2026-01-29 v7.01p Hyperref: PDF Unicode definition (HO)
Now handling font encoding PU ...
... no UTF-8 mapping file for font encoding PU
)
Package hyperref Info: Hyper figures OFF on input line 4201.
Package hyperref Info: Link nesting OFF on input line 4206.
Package hyperref Info: Hyper index ON on input line 4209.
Package hyperref Info: Plain pages OFF on input line 4216.
Package hyperref Info: Backreferencing OFF on input line 4221.
Package hyperref Info: Implicit mode ON; LaTeX internals redefined.
Package hyperref Info: Bookmarks ON on input line 4468.
\c@Hy@tempcnt=\count303

(C:\Users\matti\AppData\Local\Programs\MiKTeX\tex/latex/url\url.sty
\Urlmuskip=\muskip17
Package: url 2013/09/16  ver 3.4  Verb mode for urls, etc.
)
LaTeX Info: Redefining \url on input line 4807.
\XeTeXLinkMargin=\dimen157

(C:\Users\matti\AppData\Local\Programs\MiKTeX\tex/generic/bitset\bitset.sty
Package: bitset 2019/12/09 v1.3 Handle bit-vector datatype (HO)

(C:\Users\matti\AppData\Local\Programs\MiKTeX\tex/generic/bigintcalc\bigintcalc
.sty
Package: bigintcalc 2019/12/15 v1.5 Expandable calculations on big integers (HO
)
))
\Fld@menulength=\count304
\Field@Width=\dimen158
\Fld@charsize=\dimen159
Package hyperref Info: Hyper figures OFF on input line 6084.
Package hyperref Info: Link nesting OFF on input line 6089.
Package hyperref Info: Hyper index ON on input line 6092.
Package hyperref Info: backreferencing OFF on input line 6099.
Package hyperref Info: Link coloring OFF on input line 6104.
Package hyperref Info: Link coloring with OCG OFF on input line 6109.
Package hyperref Info: PDF/A mode OFF on input line 6114.
\Hy@abspage=\count305
\c@Item=\count306
\c@Hfootnote=\count307
)
Package hyperref Info: Driver (autodetected): hpdftex.

(C:\Users\matti\AppData\Local\Programs\MiKTeX\tex/latex/hyperref\hpdftex.def
File: hpdftex.def 2026-01-29 v7.01p Hyperref driver for pdfTeX
\Fld@listcount=\count308
\c@bookmark@seq@number=\count309

(C:\Users\matti\AppData\Local\Programs\MiKTeX\tex/latex/rerunfilecheck\rerunfil
echeck.sty
Package: rerunfilecheck 2025-06-21 v1.11 Rerun checks for auxiliary files (HO)

(C:\Users\matti\AppData\Local\Programs\MiKTeX\tex/generic/uniquecounter\uniquec
ounter.sty
Package: uniquecounter 2019/12/15 v1.4 Provide unlimited unique counter (HO)
)
Package uniquecounter Info: New unique counter `rerunfilecheck' on input line 2
84.
)
\Hy@SectionHShift=\skip55
)
(C:\Users\matti\AppData\Local\Programs\MiKTeX\tex/latex/biblatex\biblatex.sty
Package: biblatex 2025/07/10 v3.21 programmable bibliographies (PK/MW)

(C:\Users\matti\AppData\Local\Programs\MiKTeX\tex/latex/logreq\logreq.sty
Package: logreq 2010/08/04 v1.0 xml request logger
\lrq@indent=\count310

(C:\Users\matti\AppData\Local\Programs\MiKTeX\tex/latex/logreq\logreq.def
File: logreq.def 2010/08/04 v1.0 logreq spec v1.0
))
(C:\Users\matti\AppData\Local\Programs\MiKTeX\tex/latex/base\ifthen.sty
Package: ifthen 2024/03/16 v1.1e Standard LaTeX ifthen package (DPC)
)
\c@tabx@nest=\count311
\c@listtotal=\count312
\c@listcount=\count313
\c@liststart=\count314
\c@liststop=\count315
\c@citecount=\count316
\c@citetotal=\count317
\c@multicitecount=\count318
\c@multicitetotal=\count319
\c@instcount=\count320
\c@maxnames=\count321
\c@minnames=\count322
\c@maxitems=\count323
\c@minitems=\count324
\c@citecounter=\count325
\c@maxcitecounter=\count326
\c@savedcitecounter=\count327
\c@uniquelist=\count328
\c@uniquename=\count329
\c@refsection=\count330
\c@refsegment=\count331
\c@maxextratitle=\count332
\c@maxextratitleyear=\count333
\c@maxextraname=\count334
\c@maxextradate=\count335
\c@maxextraalpha=\count336
\c@abbrvpenalty=\count337
\c@highnamepenalty=\count338
\c@lownamepenalty=\count339
\c@maxparens=\count340
\c@parenlevel=\count341
\blx@tempcnta=\count342
\blx@tempcntb=\count343
\blx@tempcntc=\count344
\c@blx@maxsection=\count345
\blx@maxsegment@0=\count346
\blx@notetype=\count347
\blx@parenlevel@text=\count348
\blx@parenlevel@foot=\count349
\blx@sectionciteorder@0=\count350
\blx@sectionciteorderinternal@0=\count351
\blx@entrysetcounter=\count352
\blx@biblioinstance=\count353
\labelnumberwidth=\skip56
\labelalphawidth=\skip57
\biblabelsep=\skip58
\bibitemsep=\skip59
\bibnamesep=\skip60
\bibinitsep=\skip61
\bibparsep=\skip62
\bibhang=\skip63
\blx@bcfin=\read4
\blx@bcfout=\write4
\blx@langwohyphens=\language80
\c@mincomprange=\count354
\c@maxcomprange=\count355
\c@mincompwidth=\count356
Package biblatex Info: Trying to load biblatex default data model...
Package biblatex Info: ... file 'blx-dm.def' found.

(C:\Users\matti\AppData\Local\Programs\MiKTeX\tex/latex/biblatex\blx-dm.def
File: blx-dm.def 2025/07/10 v3.21 biblatex datamodel (PK/MW)
)
Package biblatex Info: Trying to load biblatex style data model...
Package biblatex Info: ... file 'numeric.dbx' not found.
Package biblatex Info: Trying to load biblatex custom data model...
Package biblatex Info: ... file 'biblatex-dm.cfg' not found.
\c@afterword=\count357
\c@savedafterword=\count358
\c@annotator=\count359
\c@savedannotator=\count360
\c@author=\count361
\c@savedauthor=\count362
\c@bookauthor=\count363
\c@savedbookauthor=\count364
\c@commentator=\count365
\c@savedcommentator=\count366
\c@editor=\count367
\c@savededitor=\count368
\c@editora=\count369
\c@savededitora=\count370
\c@editorb=\count371
\c@savededitorb=\count372
\c@editorc=\count373
\c@savededitorc=\count374
\c@foreword=\count375
\c@savedforeword=\count376
\c@holder=\count377
\c@savedholder=\count378
\c@introduction=\count379
\c@savedintroduction=\count380
\c@namea=\count381
\c@savednamea=\count382
\c@nameb=\count383
\c@savednameb=\count384
\c@namec=\count385
\c@savednamec=\count386
\c@translator=\count387
\c@savedtranslator=\count388
\c@shortauthor=\count389
\c@savedshortauthor=\count390
\c@shorteditor=\count391
\c@savedshorteditor=\count392
\c@labelname=\count393
\c@savedlabelname=\count394
\c@institution=\count395
\c@savedinstitution=\count396
\c@lista=\count397
\c@savedlista=\count398
\c@listb=\count399
\c@savedlistb=\count400
\c@listc=\count401
\c@savedlistc=\count402
\c@listd=\count403
\c@savedlistd=\count404
\c@liste=\count405
\c@savedliste=\count406
\c@listf=\count407
\c@savedlistf=\count408
\c@location=\count409
\c@savedlocation=\count410
\c@organization=\count411
\c@savedorganization=\count412
\c@origlocation=\count413
\c@savedoriglocation=\count414
\c@origpublisher=\count415
\c@savedorigpublisher=\count416
\c@publisher=\count417
\c@savedpublisher=\count418
\c@language=\count419
\c@savedlanguage=\count420
\c@origlanguage=\count421
\c@savedoriglanguage=\count422
\c@pageref=\count423
\c@savedpageref=\count424
\shorthandwidth=\skip64
\shortjournalwidth=\skip65
\shortserieswidth=\skip66
\shorttitlewidth=\skip67
\shortauthorwidth=\skip68
\shorteditorwidth=\skip69
\locallabelnumberwidth=\skip70
\locallabelalphawidth=\skip71
\localshorthandwidth=\skip72
\localshortjournalwidth=\skip73
\localshortserieswidth=\skip74
\localshorttitlewidth=\skip75
\localshortauthorwidth=\skip76
\localshorteditorwidth=\skip77
Package biblatex Info: Trying to load compatibility code...
Package biblatex Info: ... file 'blx-compat.def' found.

(C:\Users\matti\AppData\Local\Programs\MiKTeX\tex/latex/biblatex\blx-compat.def
File: blx-compat.def 2025/07/10 v3.21 biblatex compatibility (PK/MW)
)
Package biblatex Info: Trying to load generic definitions...
Package biblatex Info: ... file 'biblatex.def' found.
 (C:\Users\matti\AppData\Local\Programs\MiKTeX\tex/latex/biblatex\biblatex.def
File: biblatex.def 2025/07/10 v3.21 biblatex compatibility (PK/MW)
\c@textcitecount=\count425
\c@textcitetotal=\count426
\c@textcitemaxnames=\count427
\c@biburlbigbreakpenalty=\count428
\c@biburlbreakpenalty=\count429
\c@biburlnumpenalty=\count430
\c@biburlucpenalty=\count431
\c@biburllcpenalty=\count432
\biburlbigskip=\muskip18
\biburlnumskip=\muskip19
\biburlucskip=\muskip20
\biburllcskip=\muskip21
\c@smartand=\count433
)
Package biblatex Info: Trying to load bibliography style 'numeric'...
Package biblatex Info: ... file 'numeric.bbx' found.

(C:\Users\matti\AppData\Local\Programs\MiKTeX\tex/latex/biblatex/bbx\numeric.bb
x
File: numeric.bbx 2025/07/10 v3.21 biblatex bibliography style (PK/MW)
Package biblatex Info: Trying to load bibliography style 'standard'...
Package biblatex Info: ... file 'standard.bbx' found.

(C:\Users\matti\AppData\Local\Programs\MiKTeX\tex/latex/biblatex/bbx\standard.b
bx
File: standard.bbx 2025/07/10 v3.21 biblatex bibliography style (PK/MW)
\c@bbx:relatedcount=\count434
\c@bbx:relatedtotal=\count435
))
Package biblatex Info: Trying to load citation style 'numeric'...
Package biblatex Info: ... file 'numeric.cbx' found.

(C:\Users\matti\AppData\Local\Programs\MiKTeX\tex/latex/biblatex/cbx\numeric.cb
x
File: numeric.cbx 2025/07/10 v3.21 biblatex citation style (PK/MW)
Package biblatex Info: Redefining '\cite'.
Package biblatex Info: Redefining '\parencite'.
Package biblatex Info: Redefining '\footcite'.
Package biblatex Info: Redefining '\footcitetext'.
Package biblatex Info: Redefining '\smartcite'.
Package biblatex Info: Redefining '\supercite'.
Package biblatex Info: Redefining '\textcite'.
Package biblatex Info: Redefining '\textcites'.
Package biblatex Info: Redefining '\cites'.
Package biblatex Info: Redefining '\parencites'.
Package biblatex Info: Redefining '\smartcites'.
)
Package biblatex Info: Trying to load configuration file...
Package biblatex Info: ... file 'biblatex.cfg' found.

(C:\Users\matti\AppData\Local\Programs\MiKTeX\tex/latex/biblatex\biblatex.cfg
File: biblatex.cfg 
)
Package biblatex Info: Input encoding 'utf8' detected.
Package biblatex Info: Document encoding is UTF8 ....
Package biblatex Info: ... and expl3
(biblatex)             2026-01-19 L3 programming layer (loader) 
(biblatex)             is new enough (at least 2020/04/06),
(biblatex)             setting 'casechanger=expl3'.

(C:\Users\matti\AppData\Local\Programs\MiKTeX\tex/latex/biblatex\blx-case-expl3
.sty
Package: blx-case-expl3 2025/07/10 v3.21 expl3 case changing code for biblatex
))
(C:\Users\matti\AppData\Local\Programs\MiKTeX\tex/latex/adjustbox\adjustbox.sty
Package: adjustbox 2025/02/26 v1.3c Adjusting TeX boxes (trim, clip, ...)
(C:\Users\matti\AppData\Local\Programs\MiKTeX\tex/latex/adjustbox\adjcalc.sty
Package: adjcalc 2012/05/16 v1.1 Provides advanced setlength with multiple back
-ends (calc, etex, pgfmath)
)
(C:\Users\matti\AppData\Local\Programs\MiKTeX\tex/latex/adjustbox\trimclip.sty
Package: trimclip 2025/02/21 v1.2a Trim and clip general TeX material

(C:\Users\matti\AppData\Local\Programs\MiKTeX\tex/latex/collectbox\collectbox.s
ty
Package: collectbox 2022/10/17 v0.4c Collect macro arguments as boxes
\collectedbox=\box58
)
\tc@llx=\dimen160
\tc@lly=\dimen161
\tc@urx=\dimen162
\tc@ury=\dimen163
Package trimclip Info: Using driver 'tc-pdftex.def'.

(C:\Users\matti\AppData\Local\Programs\MiKTeX\tex/latex/adjustbox\tc-pdftex.def
File: tc-pdftex.def 2025/02/26 v2.3 Clipping driver for pdftex
))
\adjbox@Width=\dimen164
\adjbox@Height=\dimen165
\adjbox@Depth=\dimen166
\adjbox@Totalheight=\dimen167
\adjbox@pwidth=\dimen168
\adjbox@pheight=\dimen169
\adjbox@pdepth=\dimen170
\adjbox@ptotalheight=\dimen171

(C:\Users\matti\AppData\Local\Programs\MiKTeX\tex/latex/ifoddpage\ifoddpage.sty
Package: ifoddpage 2022/10/18 v1.2 Conditionals for odd/even page detection
\c@checkoddpage=\count436
) (C:\Users\matti\AppData\Local\Programs\MiKTeX\tex/latex/varwidth\varwidth.sty
Package: varwidth 2009/03/30 ver 0.92;  Variable-width minipages
\@vwid@box=\box59
\sift@deathcycles=\count437
\@vwid@loff=\dimen172
\@vwid@roff=\dimen173
)
==> First Aid for varwidth.sty applied!
)
(C:\Users\matti\AppData\Local\Programs\MiKTeX\tex/latex/algorithms\algorithm.st
y
Package: algorithm 2009/08/24 v0.1 Document Style `algorithm' - floating enviro
nment
 (C:\Users\matti\AppData\Local\Programs\MiKTeX\tex/latex/float\float.sty
Package: float 2001/11/08 v1.3d Float enhancements (AL)
\c@float@type=\count438
\float@exts=\toks22
\float@box=\box60
\@float@everytoks=\toks23
\@floatcapt=\box61
)
\@float@every@algorithm=\toks24
\c@algorithm=\count439
)
(C:\Users\matti\AppData\Local\Programs\MiKTeX\tex/latex/algorithmicx\algpseudoc
ode.sty
Package: algpseudocode 

(C:\Users\matti\AppData\Local\Programs\MiKTeX\tex/latex/algorithmicx\algorithmi
cx.sty
Package: algorithmicx 2005/04/27 v1.2 Algorithmicx

Document Style algorithmicx 1.2 - a greatly improved `algorithmic' style
\c@ALG@line=\count440
\c@ALG@rem=\count441
\c@ALG@nested=\count442
\ALG@tlm=\skip78
\ALG@thistlm=\skip79
\c@ALG@Lnr=\count443
\c@ALG@blocknr=\count444
\c@ALG@storecount=\count445
\c@ALG@tmpcounter=\count446
\ALG@tmplength=\skip80
)
Document Style - pseudocode environments for use with the `algorithmicx' style
) (C:\Users\matti\AppData\Local\Programs\MiKTeX\tex/latex/amsfonts\amsfonts.sty
Package: amsfonts 2013/01/14 v3.01 Basic AMSFonts support
\@emptytoks=\toks25
\symAMSa=\mathgroup4
\symAMSb=\mathgroup5
LaTeX Font Info:    Redeclaring math symbol \hbar on input line 98.
LaTeX Font Info:    Overwriting math alphabet `\mathfrak' in version `bold'
(Font)                  U/euf/m/n --> U/euf/b/n on input line 106.
) (C:\Users\matti\AppData\Local\Programs\MiKTeX\tex/latex/amsmath\amsmath.sty
Package: amsmath 2025/07/09 v2.17z AMS math features
\@mathmargin=\skip81

For additional information on amsmath, use the `?' option.
(C:\Users\matti\AppData\Local\Programs\MiKTeX\tex/latex/amsmath\amstext.sty
Package: amstext 2024/11/17 v2.01 AMS text

(C:\Users\matti\AppData\Local\Programs\MiKTeX\tex/latex/amsmath\amsgen.sty
File: amsgen.sty 1999/11/30 v2.0 generic functions
\@emptytoks=\toks26
\ex@=\dimen174
))
(C:\Users\matti\AppData\Local\Programs\MiKTeX\tex/latex/amsmath\amsbsy.sty
Package: amsbsy 1999/11/29 v1.2d Bold Symbols
\pmbraise@=\dimen175
)
(C:\Users\matti\AppData\Local\Programs\MiKTeX\tex/latex/amsmath\amsopn.sty
Package: amsopn 2022/04/08 v2.04 operator names
)
\inf@bad=\count447
LaTeX Info: Redefining \frac on input line 233.
\uproot@=\count448
\leftroot@=\count449
LaTeX Info: Redefining \overline on input line 398.
LaTeX Info: Redefining \colon on input line 409.
\classnum@=\count450
\DOTSCASE@=\count451
LaTeX Info: Redefining \ldots on input line 495.
LaTeX Info: Redefining \dots on input line 498.
LaTeX Info: Redefining \cdots on input line 619.
\Mathstrutbox@=\box62
\strutbox@=\box63
LaTeX Info: Redefining \big on input line 721.
LaTeX Info: Redefining \Big on input line 722.
LaTeX Info: Redefining \bigg on input line 723.
LaTeX Info: Redefining \Bigg on input line 724.
\big@size=\dimen176
LaTeX Font Info:    Redeclaring font encoding OML on input line 742.
LaTeX Font Info:    Redeclaring font encoding OMS on input line 743.
\macc@depth=\count452
LaTeX Info: Redefining \bmod on input line 904.
LaTeX Info: Redefining \pmod on input line 909.
LaTeX Info: Redefining \smash on input line 939.
LaTeX Info: Redefining \relbar on input line 969.
LaTeX Info: Redefining \Relbar on input line 970.
\c@MaxMatrixCols=\count453
\dotsspace@=\muskip22
\c@parentequation=\count454
\dspbrk@lvl=\count455
\tag@help=\toks27
\row@=\count456
\column@=\count457
\maxfields@=\count458
\andhelp@=\toks28
\eqnshift@=\dimen177
\alignsep@=\dimen178
\tagshift@=\dimen179
\tagwidth@=\dimen180
\totwidth@=\dimen181
\lineht@=\dimen182
\@envbody=\toks29
\multlinegap=\skip82
\multlinetaggap=\skip83
\mathdisplay@stack=\toks30
LaTeX Info: Redefining \[ on input line 2950.
LaTeX Info: Redefining \] on input line 2951.
)
(C:\Users\matti\AppData\Local\Programs\MiKTeX\tex/latex/amsfonts\amssymb.sty
Package: amssymb 2013/01/14 v3.01 AMS font symbols
)
(C:\Users\matti\AppData\Local\Programs\MiKTeX\tex/latex/tools\bm.sty
Package: bm 2025/10/21 v1.2g Bold Symbol Support (DPC/FMi)
\symboldoperators=\mathgroup6
\symboldletters=\mathgroup7
\symboldsymbols=\mathgroup8
Package bm Info: No bold for \OMX/lmex/m/n, using \pmb.
Package bm Info: No bold for \U/msa/m/n, using \pmb.
Package bm Info: No bold for \U/msb/m/n, using \pmb.
LaTeX Font Info:    Redeclaring math alphabet \mathbf on input line 149.
)
(C:\Users\matti\AppData\Local\Programs\MiKTeX\tex/latex/booktabs\booktabs.sty
Package: booktabs 2020/01/12 v1.61803398 Publication quality tables
\heavyrulewidth=\dimen183
\lightrulewidth=\dimen184
\cmidrulewidth=\dimen185
\belowrulesep=\dimen186
\belowbottomsep=\dimen187
\aboverulesep=\dimen188
\abovetopsep=\dimen189
\cmidrulesep=\dimen190
\cmidrulekern=\dimen191
\defaultaddspace=\dimen192
\@cmidla=\count459
\@cmidlb=\count460
\@aboverulesep=\dimen193
\@belowrulesep=\dimen194
\@thisruleclass=\count461
\@lastruleclass=\count462
\@thisrulewidth=\dimen195
)
(C:\Users\matti\AppData\Local\Programs\MiKTeX\tex/latex/caption\caption.sty
Package: caption 2023/08/05 v3.6o Customizing captions (AR)

(C:\Users\matti\AppData\Local\Programs\MiKTeX\tex/latex/caption\caption3.sty
Package: caption3 2023/07/31 v2.4d caption3 kernel (AR)
\caption@tempdima=\dimen196
\captionmargin=\dimen197
\caption@leftmargin=\dimen198
\caption@rightmargin=\dimen199
\caption@width=\dimen256
\caption@indent=\dimen257
\caption@parindent=\dimen258
\caption@hangindent=\dimen259
Package caption Info: Standard document class detected.
)
\c@caption@flags=\count463
\c@continuedfloat=\count464
Package caption Info: float package is loaded.
Package caption Info: hyperref package is loaded.
Package caption Info: scrextend package is loaded.
\caption@addmargin@hsize=\dimen260
\caption@addmargin@linewidth=\dimen261
)
(C:\Users\matti\AppData\Local\Programs\MiKTeX\tex/latex/csquotes\csquotes.sty
Package: csquotes 2024-04-04 v5.2o context-sensitive quotations (JAW)
\csq@reset=\count465
\csq@gtype=\count466
\csq@glevel=\count467
\csq@qlevel=\count468
\csq@maxlvl=\count469
\csq@tshold=\count470
\csq@ltx@everypar=\toks31

(C:\Users\matti\AppData\Local\Programs\MiKTeX\tex/latex/csquotes\csquotes.def
File: csquotes.def 2024-04-04 v5.2o csquotes generic definitions (JAW)
)
Package csquotes Info: Trying to load configuration file 'csquotes.cfg'...
Package csquotes Info: ... configuration file loaded successfully.

(C:\Users\matti\AppData\Local\Programs\MiKTeX\tex/latex/csquotes\csquotes.cfg
File: csquotes.cfg 
)) (C:\Users\matti\AppData\Local\Programs\MiKTeX\tex/latex/enumitem\enumitem.st
y
Package: enumitem 2025/02/06 v3.11 Customized lists
\labelindent=\skip84
\enit@outerparindent=\dimen262
\enit@toks=\toks32
\enit@inbox=\box64
\enit@count@id=\count471
\enitdp@description=\count472
) (C:\Users\matti\AppData\Local\Programs\MiKTeX\tex/latex/geometry\geometry.sty
Package: geometry 2026/03/07 v6.0 Page Geometry

(C:\Users\matti\AppData\Local\Programs\MiKTeX\tex/generic/iftex\ifvtex.sty
Package: ifvtex 2019/10/25 v1.7 ifvtex legacy package. Use iftex instead.
)
\Gm@cnth=\count473
\Gm@cntv=\count474
\c@Gm@tempcnt=\count475
\Gm@bindingoffset=\dimen263
\Gm@wd@mp=\dimen264
\Gm@odd@mp=\dimen265
\Gm@even@mp=\dimen266
\Gm@layoutwidth=\dimen267
\Gm@layoutheight=\dimen268
\Gm@layouthoffset=\dimen269
\Gm@layoutvoffset=\dimen270
\Gm@dimlist=\toks33

(C:\Users\matti\AppData\Local\Programs\MiKTeX\tex/latex/geometry\geometry.cfg))

(C:\Users\matti\AppData\Local\Programs\MiKTeX\tex/latex/glossaries-extra\glossa
ries-extra.sty
Package: glossaries-extra 2026/03/06 v2.0 (NLCT)

(C:\Users\matti\AppData\Local\Programs\MiKTeX\tex/latex/glossaries/base\glossar
ies.sty
Package: glossaries 2026/03/06 v5.0 (NLCT)

(C:\Users\matti\AppData\Local\Programs\MiKTeX\tex/latex/mfirstuc\mfirstuc.sty
Package: mfirstuc 2025/04/03 v2.09 (NLCT)
\@glsmfirst=\toks34
\@glsmrest=\toks35
)
(C:\Users\matti\AppData\Local\Programs\MiKTeX\tex/latex/xfor\xfor.sty
Package: xfor 2009/02/05 v1.05 (NLCT)
)
(C:\Users\matti\AppData\Local\Programs\MiKTeX\tex/latex/tracklang\tracklang.sty
Package: tracklang 2025/03/11 v1.6.6 (NLCT) Track Languages

(C:\Users\matti\AppData\Local\Programs\MiKTeX\tex/generic/tracklang\tracklang.t
ex)
Package tracklang Info: Tracking dialect `english' (language `english') on inpu
t line 264.
Package tracklang Info: Tracking dialect `italian' (language `italian') on inpu
t line 264.
Package tracklang Info: Tracking dialect `italian' (language `italian') on inpu
t line 264.
Package tracklang Info: Tracking dialect `english' (language `english') on inpu
t line 264.
)
(C:\Users\matti\AppData\Local\Programs\MiKTeX\tex/latex/glossaries-english\glos
saries-english.ldf
File: glossaries-english.ldf 2014/11/23 v1.0
)
(C:\Users\matti\AppData\Local\Programs\MiKTeX\tex/latex/glossaries-italian\glos
saries-italian.ldf
File: glossaries-italian.ldf 2014/11/23 v1.0
)
(C:\Users\matti\AppData\Local\Programs\MiKTeX\tex/latex/datatool\datatool-base.
sty
Package: datatool-base 2025/12/04 v3.4.3 (NLCT)
\l__datatool_tmpa_int=\count476
\l__datatool_tmpb_int=\count477
\l__datatool_tmpc_int=\count478
\l__datatool_tmpd_int=\count479
\l__datatool_count_int=\count480
\l__datatool_tmp_datatype_int=\count481
\l__datatool_tmpa_dim=\dimen271
\l__datatool_tmpb_dim=\dimen272

(C:\Users\matti\AppData\Local\Programs\MiKTeX\tex/latex/datatool\datatool-l3fp.
def
File: datatool-l3fp.def 2025/12/04 v3.4.3 (NLCT)
)
\@dtl@toks=\toks36
\@dtl@tmpcount=\count482
\dtl@tmplength=\skip85
\l__datatool_measure_box=\box65
\dtl@sortresult=\count483

(C:\Users\matti\AppData\Local\Programs\MiKTeX\tex/latex/datatool\datatool-utf8.
ldf
File: datatool-utf8.ldf 2025/12/04 v3.4.3 (NLCT)
)
\@dtl@datatype=\count484
\c_datatool_unknown_int=\count485
\l__datatool_year_int=\count486
\l__datatool_month_int=\count487
\l__datatool_day_int=\count488
\l__datatool_hour_int=\count489
\l__datatool_minute_int=\count490
\l__datatool_second_int=\count491
\l__datatool_tzhour_int=\count492
\l__datatool_tzminute_int=\count493
\l__datatool_julian_int=\count494
\l__datatool_local_julian_int=\count495
\l__datatool_prefix_int=\count496
\l__datatool_suffix_int=\count497
\@dtl@foreach@level=\count498


Package tracklang Warning: No `datatool' support for dialect `english'  on inpu
t line 9924.


Package tracklang Warning: No `datatool' support for dialect `italian'  on inpu
t line 9924.

\dtl@codeA=\count499
\dtl@codeB=\count500
)
\gls@level=\count501
\@gls@tmpb=\toks37
\gls@tmplen=\skip86
\l__glossaries_tmpa_dim=\dimen273
\l__glossaries_tmpb_dim=\dimen274
\glskeylisttok=\toks38
\glslabeltok=\toks39
\glsshorttok=\toks40
\glslongtok=\toks41

(C:\Users\matti\AppData\Local\Programs\MiKTeX\tex/latex/glossaries/styles\gloss
ary-hypernav.sty
Package: glossary-hypernav 2026/03/06 v5.0 (NLCT)
)
(C:\Users\matti\AppData\Local\Programs\MiKTeX\tex/latex/glossaries/styles\gloss
ary-list.sty
Package: glossary-list 2026/03/06 v5.0 (NLCT)
\glslistdottedwidth=\skip87
)
(C:\Users\matti\AppData\Local\Programs\MiKTeX\tex/latex/glossaries/styles\gloss
ary-long.sty
Package: glossary-long 2026/03/06 v5.0 (NLCT)

(C:\Users\matti\AppData\Local\Programs\MiKTeX\tex/latex/tools\longtable.sty
Package: longtable 2025-10-13 v4.24 Multi-page Table package (DPC)
\LTleft=\skip88
\LTright=\skip89
\LTpre=\skip90
\LTpost=\skip91
\LTchunksize=\count502
\LTcapwidth=\dimen275
\LT@head=\box66
\LT@firsthead=\box67
\LT@foot=\box68
\LT@lastfoot=\box69
\LT@gbox=\box70
\LT@cols=\count503
\LT@rows=\count504
\c@LT@tables=\count505
\c@LT@chunks=\count506
\LT@p@ftn=\toks42
)
\glsdescwidth=\skip92
\glspagelistwidth=\skip93
)
(C:\Users\matti\AppData\Local\Programs\MiKTeX\tex/latex/glossaries/styles\gloss
ary-super.sty
Package: glossary-super 2026/03/06 v5.0 (NLCT)

(C:\Users\matti\AppData\Local\Programs\MiKTeX\tex/latex/supertabular\supertabul
ar.sty
Package: supertabular 2025/06/26 v4.2d the supertabular environment
\c@tracingst=\count507
\ST@wd=\dimen276
\ST@rightskip=\skip94
\ST@leftskip=\skip95
\ST@parfillskip=\skip96
\ST@pageleft=\dimen277
\ST@headht=\dimen278
\ST@tailht=\dimen279
\ST@pagesofar=\dimen280
\ST@pboxht=\dimen281
\ST@rowht=\dimen282
\ST@prevht=\dimen283
\ST@toadd=\dimen284
\ST@dimen=\dimen285
\ST@pbox=\box71
))
(C:\Users\matti\AppData\Local\Programs\MiKTeX\tex/latex/glossaries/styles\gloss
ary-tree.sty
Package: glossary-tree 2026/03/06 v5.0 (NLCT)
\l__glossaries_tree_max_known_level_int=\count508
\l__glossaries_tree_offset_dim=\dimen286
\l__glossaries_tree_namewidth_dim=\dimen287
\l__glossaries_tree_symbolwidth_dim=\dimen288
\l__glossaries_tree_prenamesym_width_dim=\dimen289
\l__glossaries_tree_presubnamesym_width_dim=\dimen290
\l__glossaries_tree_namewidth_padding_dim=\dimen291
\l__glossaries_tree_symbolwidth_padding_dim=\dimen292
\l__glossaries_tree_namesymbolwidth_dim=\dimen293
\l__glossaries_tree_namesymbolwidth_padding_dim=\dimen294
\l__glossaries_tree_level_int=\count509
\glstreeindent=\skip97
))
\@glsxtr@leveloffset=\count510
\glsxtrresourcecount=\count511
\@glsxtrnewgls@inner=\count512
\glsshortpltok=\toks43
\glslongpltok=\toks44

(C:\Users\matti\AppData\Local\Programs\MiKTeX\tex/latex/glossaries-extra\glossa
ries-extra-abbrstyles.def
File: glossaries-extra-abbrstyles.def 2026/03/06 v2.0 (NLCT)
)
\mglselementindex=\count513
)
(C:\Users\matti\AppData\Local\Programs\MiKTeX\tex/latex/listings\listings.sty
\lst@mode=\count514
\lst@gtempboxa=\box72
\lst@token=\toks45
\lst@length=\count515
\lst@currlwidth=\dimen295
\lst@column=\count516
\lst@pos=\count517
\lst@lostspace=\dimen296
\lst@width=\dimen297
\lst@newlines=\count518
\lst@lineno=\count519
\lst@maxwidth=\dimen298

(C:\Users\matti\AppData\Local\Programs\MiKTeX\tex/latex/listings\lstpatch.sty
File: lstpatch.sty 2025/11/14 1.11b (Carsten Heinz)
)
(C:\Users\matti\AppData\Local\Programs\MiKTeX\tex/latex/listings\lstmisc.sty
File: lstmisc.sty 2025/11/14 1.11b (Carsten Heinz)
\c@lstnumber=\count520
\lst@skipnumbers=\count521
\lst@framebox=\box73
)
(C:\Users\matti\AppData\Local\Programs\MiKTeX\tex/latex/listings\listings.cfg
File: listings.cfg 2025/11/14 1.11b listings configuration
))
Package: listings 2025/11/14 1.11b (Carsten Heinz)
==> First Aid for listings.sty no longer applied!
    Expected:
        2024/09/23 1.10c (Carsten Heinz)
    but found:
        2025/11/14 1.11b (Carsten Heinz)
    so I'm assuming it got fixed.
(C:\Users\matti\AppData\Local\Programs\MiKTeX\tex/latex/lipsum\lipsum.sty
(C:\Users\matti\AppData\Local\Programs\MiKTeX\tex/latex/l3packages/l3keys2e\l3k
eys2e.sty
Package: l3keys2e 2025-10-09 LaTeX2e option processing using LaTeX3 keys
)
Package: lipsum 2021-09-20 v2.7 150 paragraphs of Lorem Ipsum dummy text
\g__lipsum_par_int=\count522
\l__lipsum_a_int=\count523
\l__lipsum_b_int=\count524

(C:\Users\matti\AppData\Local\Programs\MiKTeX\tex/latex/lipsum\lipsum.ltd.tex))
(C:\Users\matti\AppData\Local\Programs\MiKTeX\tex/latex/makecell\makecell.sty
Package: makecell 2009/08/03 V0.1e Managing of Tab Column Heads and Cells

(C:\Users\matti\AppData\Local\Programs\MiKTeX\tex/latex/tools\array.sty
Package: array 2025/09/25 v2.6n Tabular extension package (FMi)
\col@sep=\dimen299
\ar@mcellbox=\box74
\extrarowheight=\dimen300
\NC@list=\toks46
\extratabsurround=\skip98
\backup@length=\skip99
\ar@cellbox=\box75
)
\rotheadsize=\dimen301
\c@nlinenum=\count525
\TeXr@lab=\toks47
)
(C:\Users\matti\AppData\Local\Programs\MiKTeX\tex/latex/mathtools\mathtools.sty
Package: mathtools 2024/10/04 v1.31 mathematical typesetting tools
(C:\Users\matti\AppData\Local\Programs\MiKTeX\tex/latex/tools\calc.sty
Package: calc 2025/03/01 v4.3b Infix arithmetic (KKT,FJ)
\calc@Acount=\count526
\calc@Bcount=\count527
\calc@Adimen=\dimen302
\calc@Bdimen=\dimen303
\calc@Askip=\skip100
\calc@Bskip=\skip101
LaTeX Info: Redefining \setlength on input line 86.
LaTeX Info: Redefining \addtolength on input line 87.
\calc@Ccount=\count528
\calc@Cskip=\skip102
)
(C:\Users\matti\AppData\Local\Programs\MiKTeX\tex/latex/mathtools\mhsetup.sty
Package: mhsetup 2021/03/18 v1.4 programming setup (MH)
)
\g_MT_multlinerow_int=\count529
\l_MT_multwidth_dim=\dimen304
\origjot=\skip103
\l_MT_shortvdotswithinadjustabove_dim=\dimen305
\l_MT_shortvdotswithinadjustbelow_dim=\dimen306
\l_MT_above_intertext_sep=\dimen307
\l_MT_below_intertext_sep=\dimen308
\l_MT_above_shortintertext_sep=\dimen309
\l_MT_below_shortintertext_sep=\dimen310
\xmathstrut@box=\box76
\xmathstrut@dim=\dimen311
)
(C:\Users\matti\AppData\Local\Programs\MiKTeX\tex/latex/microtype\microtype.sty
Package: microtype 2026/03/01 v3.2d Micro-typographical refinements (RS)
\MT@toks=\toks48
\MT@tempbox=\box77
\MT@count=\count530
LaTeX Info: Redefining \noprotrusionifhmode on input line 1084.
LaTeX Info: Redefining \leftprotrusion on input line 1085.
\MT@prot@toks=\toks49
LaTeX Info: Redefining \rightprotrusion on input line 1104.
LaTeX Info: Redefining \textls on input line 1449.
\MT@outer@kern=\dimen312
LaTeX Info: Redefining \microtypecontext on input line 2053.
LaTeX Info: Redefining \textmicrotypecontext on input line 2070.
\MT@listname@count=\count531

(C:\Users\matti\AppData\Local\Programs\MiKTeX\tex/latex/microtype\microtype-pdf
tex.def
File: microtype-pdftex.def 2026/03/01 v3.2d Definitions specific to pdftex (RS)

LaTeX Info: Redefining \lsstyle on input line 944.
LaTeX Info: Redefining \lslig on input line 944.
\MT@outer@space=\skip104
)
Package microtype Info: Loading configuration file microtype.cfg.

(C:\Users\matti\AppData\Local\Programs\MiKTeX\tex/latex/microtype\microtype.cfg
File: microtype.cfg 2026/03/01 v3.2d microtype main configuration file (RS)
)
LaTeX Info: Redefining \microtypesetup on input line 3065.
)
(C:\Users\matti\AppData\Local\Programs\MiKTeX\tex/latex/multirow\multirow.sty
Package: multirow 2024/11/12 v2.9 Span multiple rows of a table
\multirow@colwidth=\skip105
\multirow@cntb=\count532
\multirow@dima=\skip106
\bigstrutjot=\dimen313
)
(C:\Users\matti\AppData\Local\Programs\MiKTeX\tex/latex/units\nicefrac.sty
Package: nicefrac 1998/08/04 v0.9b Nice fractions
\L@UnitsRaiseDisplaystyle=\skip107
\L@UnitsRaiseTextstyle=\skip108
\L@UnitsRaiseScriptstyle=\skip109
)
(C:\Users\matti\AppData\Local\Programs\MiKTeX\tex/latex/ragged2e\ragged2e.sty
Package: ragged2e 2023/06/22 v3.6 ragged2e Package
\CenteringLeftskip=\skip110
\RaggedLeftLeftskip=\skip111
\RaggedRightLeftskip=\skip112
\CenteringRightskip=\skip113
\RaggedLeftRightskip=\skip114
\RaggedRightRightskip=\skip115
\CenteringParfillskip=\skip116
\RaggedLeftParfillskip=\skip117
\RaggedRightParfillskip=\skip118
\JustifyingParfillskip=\skip119
\CenteringParindent=\skip120
\RaggedLeftParindent=\skip121
\RaggedRightParindent=\skip122
\JustifyingParindent=\skip123
)
(C:\Users\matti\AppData\Local\Programs\MiKTeX\tex/latex/siunitx\siunitx.sty
Package: siunitx 2025-07-09 v3.4.14 A comprehensive (SI) units package
\l__siunitx_number_uncert_offset_int=\count533
\l__siunitx_number_exponent_fixed_int=\count534
\l__siunitx_number_min_decimal_int=\count535
\l__siunitx_number_min_integer_int=\count536
\l__siunitx_number_round_precision_int=\count537
\l__siunitx_number_lower_threshold_int=\count538
\l__siunitx_number_upper_threshold_int=\count539
\l__siunitx_number_group_first_int=\count540
\l__siunitx_number_group_size_int=\count541
\l__siunitx_number_group_minimum_int=\count542
\l__siunitx_angle_tmp_dim=\dimen314
\l__siunitx_angle_marker_box=\box78
\l__siunitx_angle_unit_box=\box79
\l__siunitx_compound_count_int=\count543

(C:\Users\matti\AppData\Local\Programs\MiKTeX\tex/latex/translations\translatio
ns.sty
Package: translations 2022/02/05 v1.12 internationalization of LaTeX2e packages
 (CN)
)
\l__siunitx_table_tmp_box=\box80
\l__siunitx_table_tmp_dim=\dimen315
\l__siunitx_table_column_width_dim=\dimen316
\l__siunitx_table_integer_box=\box81
\l__siunitx_table_decimal_box=\box82
\l__siunitx_table_uncert_box=\box83
\l__siunitx_table_before_box=\box84
\l__siunitx_table_after_box=\box85
\l__siunitx_table_before_dim=\dimen317
\l__siunitx_table_carry_dim=\dimen318
\l__siunitx_unit_tmp_int=\count544
\l__siunitx_unit_position_int=\count545
\l__siunitx_unit_total_int=\count546
)
(C:\Users\matti\AppData\Local\Programs\MiKTeX\tex/latex/tools\tabularx.sty
Package: tabularx 2023/12/11 v2.12a `tabularx' package (DPC)
\TX@col@width=\dimen319
\TX@old@table=\dimen320
\TX@old@col=\dimen321
\TX@target=\dimen322
\TX@delta=\dimen323
\TX@cols=\count547
\TX@ftn=\toks50
)
(C:\Users\matti\AppData\Local\Programs\MiKTeX\tex/latex/base\textcomp.sty
Package: textcomp 2024/04/24 v2.1b Standard LaTeX package
)
(C:\Users\matti\AppData\Local\Programs\MiKTeX\tex/latex/tools\verbatim.sty
Package: verbatim 2024-01-22 v1.5x LaTeX2e package for verbatim enhancements
\every@verbatim=\toks51
\verbatim@line=\toks52
\verbatim@in@stream=\read5
)
(C:\Users\matti\AppData\Local\Programs\MiKTeX\tex/latex/xcolor\xcolor.sty
Package: xcolor 2024/09/29 v3.02 LaTeX color extensions (UK)

(C:\Users\matti\AppData\Local\Programs\MiKTeX\tex/latex/graphics-cfg\color.cfg
File: color.cfg 2016/01/02 v1.6 sample color configuration
)
Package xcolor Info: Driver file: pdftex.def on input line 274.
(C:\Users\matti\AppData\Local\Programs\MiKTeX\tex/latex/graphics\mathcolor.ltx)
Package xcolor Info: Model `cmy' substituted by `cmy0' on input line 1349.
Package xcolor Info: Model `hsb' substituted by `rgb' on input line 1353.
Package xcolor Info: Model `RGB' extended on input line 1365.
Package xcolor Info: Model `HTML' substituted by `rgb' on input line 1367.
Package xcolor Info: Model `Hsb' substituted by `hsb' on input line 1368.
Package xcolor Info: Model `tHsb' substituted by `hsb' on input line 1369.
Package xcolor Info: Model `HSB' substituted by `hsb' on input line 1370.
Package xcolor Info: Model `Gray' substituted by `gray' on input line 1371.
Package xcolor Info: Model `wave' substituted by `hsb' on input line 1372.
)
(C:\Users\matti\AppData\Local\Programs\MiKTeX\tex/latex/pgf/frontendlayer\tikz.
sty
(C:\Users\matti\AppData\Local\Programs\MiKTeX\tex/latex/pgf/basiclayer\pgf.sty
(C:\Users\matti\AppData\Local\Programs\MiKTeX\tex/latex/pgf/utilities\pgfrcs.st
y
(C:\Users\matti\AppData\Local\Programs\MiKTeX\tex/generic/pgf/utilities\pgfutil
-common.tex
\pgfutil@everybye=\toks53
\pgfutil@tempdima=\dimen324
\pgfutil@tempdimb=\dimen325
)
(C:\Users\matti\AppData\Local\Programs\MiKTeX\tex/generic/pgf/utilities\pgfutil
-latex.def
\pgfutil@abb=\box86
)
(C:\Users\matti\AppData\Local\Programs\MiKTeX\tex/generic/pgf/utilities\pgfrcs.
code.tex
(C:\Users\matti\AppData\Local\Programs\MiKTeX\tex/generic/pgf\pgf.revision.tex)
Package: pgfrcs 2025-08-29 v3.1.11a (3.1.11a)
))
Package: pgf 2025-08-29 v3.1.11a (3.1.11a)

(C:\Users\matti\AppData\Local\Programs\MiKTeX\tex/latex/pgf/basiclayer\pgfcore.
sty
(C:\Users\matti\AppData\Local\Programs\MiKTeX\tex/latex/pgf/systemlayer\pgfsys.
sty
(C:\Users\matti\AppData\Local\Programs\MiKTeX\tex/generic/pgf/systemlayer\pgfsy
s.code.tex
Package: pgfsys 2025-08-29 v3.1.11a (3.1.11a)

(C:\Users\matti\AppData\Local\Programs\MiKTeX\tex/generic/pgf/utilities\pgfkeys
.code.tex
\pgfkeys@pathtoks=\toks54
\pgfkeys@temptoks=\toks55

(C:\Users\matti\AppData\Local\Programs\MiKTeX\tex/generic/pgf/utilities\pgfkeys
libraryfiltered.code.tex
\pgfkeys@tmptoks=\toks56
))
\pgf@x=\dimen326
\pgf@y=\dimen327
\pgf@xa=\dimen328
\pgf@ya=\dimen329
\pgf@xb=\dimen330
\pgf@yb=\dimen331
\pgf@xc=\dimen332
\pgf@yc=\dimen333
\pgf@xd=\dimen334
\pgf@yd=\dimen335
\w@pgf@writea=\write5
\r@pgf@reada=\read6
\c@pgf@counta=\count548
\c@pgf@countb=\count549
\c@pgf@countc=\count550
\c@pgf@countd=\count551
\t@pgf@toka=\toks57
\t@pgf@tokb=\toks58
\t@pgf@tokc=\toks59
\pgf@sys@id@count=\count552

(C:\Users\matti\AppData\Local\Programs\MiKTeX\tex/generic/pgf/systemlayer\pgf.c
fg
File: pgf.cfg 2025-08-29 v3.1.11a (3.1.11a)
)
Driver file for pgf: pgfsys-pdftex.def

(C:\Users\matti\AppData\Local\Programs\MiKTeX\tex/generic/pgf/systemlayer\pgfsy
s-pdftex.def
File: pgfsys-pdftex.def 2025-08-29 v3.1.11a (3.1.11a)

(C:\Users\matti\AppData\Local\Programs\MiKTeX\tex/generic/pgf/systemlayer\pgfsy
s-common-pdf.def
File: pgfsys-common-pdf.def 2025-08-29 v3.1.11a (3.1.11a)
)))
(C:\Users\matti\AppData\Local\Programs\MiKTeX\tex/generic/pgf/systemlayer\pgfsy
ssoftpath.code.tex
File: pgfsyssoftpath.code.tex 2025-08-29 v3.1.11a (3.1.11a)
\pgfsyssoftpath@smallbuffer@items=\count553
\pgfsyssoftpath@bigbuffer@items=\count554
)
(C:\Users\matti\AppData\Local\Programs\MiKTeX\tex/generic/pgf/systemlayer\pgfsy
sprotocol.code.tex
File: pgfsysprotocol.code.tex 2025-08-29 v3.1.11a (3.1.11a)
))
(C:\Users\matti\AppData\Local\Programs\MiKTeX\tex/generic/pgf/basiclayer\pgfcor
e.code.tex
Package: pgfcore 2025-08-29 v3.1.11a (3.1.11a)

(C:\Users\matti\AppData\Local\Programs\MiKTeX\tex/generic/pgf/math\pgfmath.code
.tex
(C:\Users\matti\AppData\Local\Programs\MiKTeX\tex/generic/pgf/math\pgfmathutil.
code.tex)
(C:\Users\matti\AppData\Local\Programs\MiKTeX\tex/generic/pgf/math\pgfmathparse
r.code.tex
\pgfmath@dimen=\dimen336
\pgfmath@count=\count555
\pgfmath@box=\box87
\pgfmath@toks=\toks60
\pgfmath@stack@operand=\toks61
\pgfmath@stack@operation=\toks62
)
(C:\Users\matti\AppData\Local\Programs\MiKTeX\tex/generic/pgf/math\pgfmathfunct
ions.code.tex)
(C:\Users\matti\AppData\Local\Programs\MiKTeX\tex/generic/pgf/math\pgfmathfunct
ions.basic.code.tex)
(C:\Users\matti\AppData\Local\Programs\MiKTeX\tex/generic/pgf/math\pgfmathfunct
ions.trigonometric.code.tex)
(C:\Users\matti\AppData\Local\Programs\MiKTeX\tex/generic/pgf/math\pgfmathfunct
ions.random.code.tex)
(C:\Users\matti\AppData\Local\Programs\MiKTeX\tex/generic/pgf/math\pgfmathfunct
ions.comparison.code.tex)
(C:\Users\matti\AppData\Local\Programs\MiKTeX\tex/generic/pgf/math\pgfmathfunct
ions.base.code.tex)
(C:\Users\matti\AppData\Local\Programs\MiKTeX\tex/generic/pgf/math\pgfmathfunct
ions.round.code.tex)
(C:\Users\matti\AppData\Local\Programs\MiKTeX\tex/generic/pgf/math\pgfmathfunct
ions.misc.code.tex)
(C:\Users\matti\AppData\Local\Programs\MiKTeX\tex/generic/pgf/math\pgfmathfunct
ions.integerarithmetics.code.tex)
(C:\Users\matti\AppData\Local\Programs\MiKTeX\tex/generic/pgf/math\pgfmathcalc.
code.tex)
(C:\Users\matti\AppData\Local\Programs\MiKTeX\tex/generic/pgf/math\pgfmathfloat
.code.tex
\c@pgfmathroundto@lastzeros=\count556
))
(C:\Users\matti\AppData\Local\Programs\MiKTeX\tex/generic/pgf/math\pgfint.code.
tex)
(C:\Users\matti\AppData\Local\Programs\MiKTeX\tex/generic/pgf/basiclayer\pgfcor
epoints.code.tex
File: pgfcorepoints.code.tex 2025-08-29 v3.1.11a (3.1.11a)
\pgf@picminx=\dimen337
\pgf@picmaxx=\dimen338
\pgf@picminy=\dimen339
\pgf@picmaxy=\dimen340
\pgf@pathminx=\dimen341
\pgf@pathmaxx=\dimen342
\pgf@pathminy=\dimen343
\pgf@pathmaxy=\dimen344
\pgf@xx=\dimen345
\pgf@xy=\dimen346
\pgf@yx=\dimen347
\pgf@yy=\dimen348
\pgf@zx=\dimen349
\pgf@zy=\dimen350
)
(C:\Users\matti\AppData\Local\Programs\MiKTeX\tex/generic/pgf/basiclayer\pgfcor
epathconstruct.code.tex
File: pgfcorepathconstruct.code.tex 2025-08-29 v3.1.11a (3.1.11a)
\pgf@path@lastx=\dimen351
\pgf@path@lasty=\dimen352
)
(C:\Users\matti\AppData\Local\Programs\MiKTeX\tex/generic/pgf/basiclayer\pgfcor
epathusage.code.tex
File: pgfcorepathusage.code.tex 2025-08-29 v3.1.11a (3.1.11a)
\pgf@shorten@end@additional=\dimen353
\pgf@shorten@start@additional=\dimen354
)
(C:\Users\matti\AppData\Local\Programs\MiKTeX\tex/generic/pgf/basiclayer\pgfcor
escopes.code.tex
File: pgfcorescopes.code.tex 2025-08-29 v3.1.11a (3.1.11a)
\pgfpic=\box88
\pgf@hbox=\box89
\pgf@layerbox@main=\box90
\pgf@picture@serial@count=\count557
)
(C:\Users\matti\AppData\Local\Programs\MiKTeX\tex/generic/pgf/basiclayer\pgfcor
egraphicstate.code.tex
File: pgfcoregraphicstate.code.tex 2025-08-29 v3.1.11a (3.1.11a)
\pgflinewidth=\dimen355
)
(C:\Users\matti\AppData\Local\Programs\MiKTeX\tex/generic/pgf/basiclayer\pgfcor
etransformations.code.tex
File: pgfcoretransformations.code.tex 2025-08-29 v3.1.11a (3.1.11a)
\pgf@pt@x=\dimen356
\pgf@pt@y=\dimen357
\pgf@pt@temp=\dimen358
)
(C:\Users\matti\AppData\Local\Programs\MiKTeX\tex/generic/pgf/basiclayer\pgfcor
equick.code.tex
File: pgfcorequick.code.tex 2025-08-29 v3.1.11a (3.1.11a)
)
(C:\Users\matti\AppData\Local\Programs\MiKTeX\tex/generic/pgf/basiclayer\pgfcor
eobjects.code.tex
File: pgfcoreobjects.code.tex 2025-08-29 v3.1.11a (3.1.11a)
)
(C:\Users\matti\AppData\Local\Programs\MiKTeX\tex/generic/pgf/basiclayer\pgfcor
epathprocessing.code.tex
File: pgfcorepathprocessing.code.tex 2025-08-29 v3.1.11a (3.1.11a)
)
(C:\Users\matti\AppData\Local\Programs\MiKTeX\tex/generic/pgf/basiclayer\pgfcor
earrows.code.tex
File: pgfcorearrows.code.tex 2025-08-29 v3.1.11a (3.1.11a)
\pgfarrowsep=\dimen359
)
(C:\Users\matti\AppData\Local\Programs\MiKTeX\tex/generic/pgf/basiclayer\pgfcor
eshade.code.tex
File: pgfcoreshade.code.tex 2025-08-29 v3.1.11a (3.1.11a)
\pgf@max=\dimen360
\pgf@sys@shading@range@num=\count558
\pgf@shadingcount=\count559
)
(C:\Users\matti\AppData\Local\Programs\MiKTeX\tex/generic/pgf/basiclayer\pgfcor
eimage.code.tex
File: pgfcoreimage.code.tex 2025-08-29 v3.1.11a (3.1.11a)
)
(C:\Users\matti\AppData\Local\Programs\MiKTeX\tex/generic/pgf/basiclayer\pgfcor
eexternal.code.tex
File: pgfcoreexternal.code.tex 2025-08-29 v3.1.11a (3.1.11a)
\pgfexternal@startupbox=\box91
)
(C:\Users\matti\AppData\Local\Programs\MiKTeX\tex/generic/pgf/basiclayer\pgfcor
elayers.code.tex
File: pgfcorelayers.code.tex 2025-08-29 v3.1.11a (3.1.11a)
)
(C:\Users\matti\AppData\Local\Programs\MiKTeX\tex/generic/pgf/basiclayer\pgfcor
etransparency.code.tex
File: pgfcoretransparency.code.tex 2025-08-29 v3.1.11a (3.1.11a)
)
(C:\Users\matti\AppData\Local\Programs\MiKTeX\tex/generic/pgf/basiclayer\pgfcor
epatterns.code.tex
File: pgfcorepatterns.code.tex 2025-08-29 v3.1.11a (3.1.11a)
)
(C:\Users\matti\AppData\Local\Programs\MiKTeX\tex/generic/pgf/basiclayer\pgfcor
erdf.code.tex
File: pgfcorerdf.code.tex 2025-08-29 v3.1.11a (3.1.11a)
)))
(C:\Users\matti\AppData\Local\Programs\MiKTeX\tex/generic/pgf/modules\pgfmodule
shapes.code.tex
File: pgfmoduleshapes.code.tex 2025-08-29 v3.1.11a (3.1.11a)
\pgfnodeparttextbox=\box92
)
(C:\Users\matti\AppData\Local\Programs\MiKTeX\tex/generic/pgf/modules\pgfmodule
plot.code.tex
File: pgfmoduleplot.code.tex 2025-08-29 v3.1.11a (3.1.11a)
)
(C:\Users\matti\AppData\Local\Programs\MiKTeX\tex/latex/pgf/compatibility\pgfco
mp-version-0-65.sty
Package: pgfcomp-version-0-65 2025-08-29 v3.1.11a (3.1.11a)
\pgf@nodesepstart=\dimen361
\pgf@nodesepend=\dimen362
)
(C:\Users\matti\AppData\Local\Programs\MiKTeX\tex/latex/pgf/compatibility\pgfco
mp-version-1-18.sty
Package: pgfcomp-version-1-18 2025-08-29 v3.1.11a (3.1.11a)
))
(C:\Users\matti\AppData\Local\Programs\MiKTeX\tex/latex/pgf/utilities\pgffor.st
y
(C:\Users\matti\AppData\Local\Programs\MiKTeX\tex/latex/pgf/utilities\pgfkeys.s
ty
(C:\Users\matti\AppData\Local\Programs\MiKTeX\tex/generic/pgf/utilities\pgfkeys
.code.tex))
(C:\Users\matti\AppData\Local\Programs\MiKTeX\tex/latex/pgf/math\pgfmath.sty
(C:\Users\matti\AppData\Local\Programs\MiKTeX\tex/generic/pgf/math\pgfmath.code
.tex))
(C:\Users\matti\AppData\Local\Programs\MiKTeX\tex/generic/pgf/utilities\pgffor.
code.tex
Package: pgffor 2025-08-29 v3.1.11a (3.1.11a)
\pgffor@iter=\dimen363
\pgffor@skip=\dimen364
\pgffor@stack=\toks63
\pgffor@toks=\toks64
))
(C:\Users\matti\AppData\Local\Programs\MiKTeX\tex/generic/pgf/frontendlayer/tik
z\tikz.code.tex
Package: tikz 2025-08-29 v3.1.11a (3.1.11a)

(C:\Users\matti\AppData\Local\Programs\MiKTeX\tex/generic/pgf/libraries\pgflibr
aryplothandlers.code.tex
File: pgflibraryplothandlers.code.tex 2025-08-29 v3.1.11a (3.1.11a)
\pgf@plot@mark@count=\count560
\pgfplotmarksize=\dimen365
)
\tikz@lastx=\dimen366
\tikz@lasty=\dimen367
\tikz@lastxsaved=\dimen368
\tikz@lastysaved=\dimen369
\tikz@lastmovetox=\dimen370
\tikz@lastmovetoy=\dimen371
\tikzleveldistance=\dimen372
\tikzsiblingdistance=\dimen373
\tikz@figbox=\box93
\tikz@figbox@bg=\box94
\tikz@tempbox=\box95
\tikz@tempbox@bg=\box96
\tikztreelevel=\count561
\tikznumberofchildren=\count562
\tikznumberofcurrentchild=\count563
\tikz@fig@count=\count564

(C:\Users\matti\AppData\Local\Programs\MiKTeX\tex/generic/pgf/modules\pgfmodule
matrix.code.tex
File: pgfmodulematrix.code.tex 2025-08-29 v3.1.11a (3.1.11a)
\pgfmatrixcurrentrow=\count565
\pgfmatrixcurrentcolumn=\count566
\pgf@matrix@numberofcolumns=\count567
)
\tikz@expandcount=\count568

(C:\Users\matti\AppData\Local\Programs\MiKTeX\tex/generic/pgf/frontendlayer/tik
z/libraries\tikzlibrarytopaths.code.tex
File: tikzlibrarytopaths.code.tex 2025-08-29 v3.1.11a (3.1.11a)
)))
(C:\Users\matti\AppData\Local\Programs\MiKTeX\tex/generic/pgf/libraries\pgflibr
aryarrows.meta.code.tex
File: pgflibraryarrows.meta.code.tex 2025-08-29 v3.1.11a (3.1.11a)
\pgfarrowinset=\dimen374
\pgfarrowlength=\dimen375
\pgfarrowwidth=\dimen376
\pgfarrowlinewidth=\dimen377
)
(C:\Users\matti\AppData\Local\Programs\MiKTeX\tex/generic/pgf/frontendlayer/tik
z/libraries\tikzlibrarypositioning.code.tex
File: tikzlibrarypositioning.code.tex 2025-08-29 v3.1.11a (3.1.11a)
)
(C:\Users\matti\AppData\Local\Programs\MiKTeX\tex/generic/pgf/frontendlayer/tik
z/libraries\tikzlibrarycalc.code.tex
File: tikzlibrarycalc.code.tex 2025-08-29 v3.1.11a (3.1.11a)
)
(C:\Users\matti\AppData\Local\Programs\MiKTeX\tex/generic/pgf/frontendlayer/tik
z/libraries\tikzlibraryshapes.geometric.code.tex
File: tikzlibraryshapes.geometric.code.tex 2025-08-29 v3.1.11a (3.1.11a)

(C:\Users\matti\AppData\Local\Programs\MiKTeX\tex/generic/pgf/libraries/shapes\
pgflibraryshapes.geometric.code.tex
File: pgflibraryshapes.geometric.code.tex 2025-08-29 v3.1.11a (3.1.11a)
))
(C:\Users\matti\AppData\Local\Programs\MiKTeX\tex/latex/threeparttable\threepar
ttable.sty
Package: threeparttable 2003/06/13  v 3.0
\@tempboxb=\box97
))
(C:\Users\matti\AppData\Local\Programs\MiKTeX\tex/latex/caption\subcaption.sty
Package: subcaption 2023/07/28 v1.6b Sub-captions (AR)
Package caption Info: New subtype `subfigure' on input line 238.
\c@subfigure=\count569
Package caption Info: New subtype `subtable' on input line 238.
\c@subtable=\count570
) (common/package_config.tex
Package hyperref Info: Option `bookmarksopen' set `true' on input line 26.
Package hyperref Info: Option `colorlinks' set `true' on input line 26.

Package siunitx Info: Option "detect-all" has been deprecated in this release.
(siunitx)             
(siunitx)             Use "mode = match, propagate-math-font = true,
(siunitx)             reset-math-version = false, reset-text-family = false,
(siunitx)             reset-text-series = false, reset-text-shape = false,
(siunitx)             text-family-to-math = true, text-series-to-math = true"
(siunitx)             as a replacement.

) (common/new_commands.tex) (common/thesis_info.tex) (common/font_config.tex)
Package csquotes Info: Checking for multilingual support...
Package csquotes Info: ... found 'babel' package.
Package csquotes Info: Adjusting default style.
Package csquotes Info: Redefining alias 'default' -> 'italian'.
LaTeX Font Info:    Trying to load font information for T1+lmr on input line 44
.

(C:\Users\matti\AppData\Local\Programs\MiKTeX\tex/latex/lm\t1lmr.fd
File: t1lmr.fd 2015/05/01 v1.6.1 Font defs for Latin Modern
)

LaTeX Warning: Unused global option(s):
    [corpo=12pt,stile=standard,tipotesi=magistrale,cucitura=7mm].

(thesis.aux

LaTeX Warning: Label `eq:axxb' multiply defined.

)
\openout1 = `thesis.aux'.

LaTeX Font Info:    Checking defaults for OML/cmm/m/it on input line 44.
LaTeX Font Info:    ... okay on input line 44.
LaTeX Font Info:    Checking defaults for OMS/cmsy/m/n on input line 44.
LaTeX Font Info:    ... okay on input line 44.
LaTeX Font Info:    Checking defaults for OT1/cmr/m/n on input line 44.
LaTeX Font Info:    ... okay on input line 44.
LaTeX Font Info:    Checking defaults for T1/cmr/m/n on input line 44.
LaTeX Font Info:    ... okay on input line 44.
LaTeX Font Info:    Checking defaults for TS1/cmr/m/n on input line 44.
LaTeX Font Info:    ... okay on input line 44.
LaTeX Font Info:    Checking defaults for OMX/cmex/m/n on input line 44.
LaTeX Font Info:    ... okay on input line 44.
LaTeX Font Info:    Checking defaults for U/cmr/m/n on input line 44.
LaTeX Font Info:    ... okay on input line 44.
LaTeX Font Info:    Checking defaults for PD1/pdf/m/n on input line 44.
LaTeX Font Info:    ... okay on input line 44.
LaTeX Font Info:    Checking defaults for PU/pdf/m/n on input line 44.
LaTeX Font Info:    ... okay on input line 44.
LaTeX Info: Redefining \it@ocap on input line 44.
LaTeX Info: Redefining \it@ccap on input line 44.

(C:\Users\matti\AppData\Local\Programs\MiKTeX\tex/context/base/mkii\supp-pdf.mk
ii
[Loading MPS to PDF converter (version 2006.09.02).]
\scratchcounter=\count571
\scratchdimen=\dimen378
\scratchbox=\box98
\nofMPsegments=\count572
\nofMParguments=\count573
\everyMPshowfont=\toks65
\MPscratchCnt=\count574
\MPscratchDim=\dimen379
\MPnumerator=\count575
\makeMPintoPDFobject=\count576
\everyMPtoPDFconversion=\toks66
)
(C:\Users\matti\AppData\Local\Programs\MiKTeX\tex/latex/epstopdf-pkg\epstopdf-b
ase.sty
Package: epstopdf-base 2020-01-24 v2.11 Base part for package epstopdf
Package epstopdf-base Info: Redefining graphics rule for `.eps' on input line 4
85.

(C:\Users\matti\AppData\Local\Programs\MiKTeX\tex/latex/00miktex\epstopdf-sys.c
fg
File: epstopdf-sys.cfg 2021/03/18 v2.0 Configuration of epstopdf for MiKTeX
))
Package TOPtesi Info: Margin width recalculation on input line 44.
Package TOPtesi Info: Before:
(TOPtesi)             oddsidemargin  17.3571pt
(TOPtesi)             evensidemargin 17.3571pt on input line 44.
Package TOPtesi Info: After:
(TOPtesi)             oddsidemargin  37.27402pt
(TOPtesi)             evensidemargin -2.55981pt on input line 44.

(C:\Users\matti\AppData\Local\Programs\MiKTeX\tex/latex/toptesi\topcoman.sty
Package: topcoman 2025-01-15 v.6.4.07 Additional commands for the TOPtesi bundl
e
)
Package hyperref Info: Link coloring ON on input line 44.

(thesis.out) (thesis.out)
\@outlinefile=\write6
\openout6 = `thesis.out'.

Package biblatex Info: Trying to load language 'italian'...
Package biblatex Info: ... file 'italian.lbx' found.

(C:\Users\matti\AppData\Local\Programs\MiKTeX\tex/latex/biblatex/lbx\italian.lb
x
File: italian.lbx 2025/07/10 v3.21 biblatex localization (PK/MW)
)
Package biblatex Info: Trying to load language 'english'...
Package biblatex Info: ... file 'english.lbx' found.

(C:\Users\matti\AppData\Local\Programs\MiKTeX\tex/latex/biblatex/lbx\english.lb
x
File: english.lbx 2025/07/10 v3.21 biblatex localization (PK/MW)
)
Package biblatex Info: Input encoding 'utf8' detected.
Package biblatex Info: Automatic encoding selection.
(biblatex)             Assuming data encoding 'utf8'.
\openout4 = `thesis.bcf'.

Package biblatex Info: Trying to load bibliographic data...
Package biblatex Info: ... file 'thesis.bbl' found.
 (thesis.bbl

Package biblatex Warning: The following entry could not be found
(biblatex)                in the database:
(biblatex)                HoraudDornaika2023
(biblatex)                Please verify the spelling and rerun
(biblatex)                LaTeX afterwards.


Package biblatex Warning: The following entry could not be found
(biblatex)                in the database:
(biblatex)                andreff1999online
(biblatex)                Please verify the spelling and rerun
(biblatex)                LaTeX afterwards.


Package biblatex Warning: The following entry could not be found
(biblatex)                in the database:
(biblatex)                horaud1995hand
(biblatex)                Please verify the spelling and rerun
(biblatex)                LaTeX afterwards.


Package biblatex Warning: The following entry could not be found
(biblatex)                in the database:
(biblatex)                park1994robot
(biblatex)                Please verify the spelling and rerun
(biblatex)                LaTeX afterwards.


Package biblatex Warning: The following entry could not be found
(biblatex)                in the database:
(biblatex)                tsai1989new
(biblatex)                Please verify the spelling and rerun
(biblatex)                LaTeX afterwards.

)
Package biblatex Info: Reference section=0 on input line 44.
Package biblatex Info: Reference segment=0 on input line 44.
Package caption Info: Begin \AtBeginDocument code.
Package caption Info: listings package is loaded.
Package caption Info: longtable package is loaded.
 (C:\Users\matti\AppData\Local\Programs\MiKTeX\tex/latex/caption\ltcaption.sty
Package: ltcaption 2021/01/08 v1.4c longtable captions (AR)
)
Package caption Info: supertabular package is loaded.
Package caption Info: threeparttable package is loaded.
Package caption Info: End \AtBeginDocument code.

*geometry* driver: auto-detecting
*geometry* detected driver: pdftex
*geometry* verbose mode - [ preamble ] result:
* driver: pdftex
* paper: a4paper
* layout: <same size as paper>
* layoutoffset:(h,v)=(0.0pt,0.0pt)
* modes: 
* h-part:(L,W,R)=(89.62709pt, 418.25368pt, 89.6271pt)
* v-part:(T,H,B)=(101.40665pt, 591.5302pt, 152.11pt)
* \paperwidth=597.50787pt
* \paperheight=845.04684pt
* \textwidth=418.25368pt
* \textheight=591.5302pt
* \oddsidemargin=37.27402pt
* \evensidemargin=-2.55981pt
* \topmargin=-7.86334pt
* \headheight=12.0pt
* \headsep=25.0pt
* \topskip=10.0pt
* \footskip=21.59995pt
* \marginparwidth=40.08586pt
* \marginparsep=11.0pt
* \columnsep=10.0pt
* \skip\footins=24.0pt plus 4.0pt minus 2.0pt
* \hoffset=0.0pt
* \voffset=0.0pt
* \mag=1000
* \@twocolumnfalse
* \@twosidefalse
* \@mparswitchfalse
* \@reversemarginfalse
* (1in=72.27pt=25.4mm, 1cm=28.453pt)

\c@lstlisting=\count577
Package microtype Info: Patching varwidth to enable character protrusion.
\MT@vwid@leftmargin=\dimen380
\MT@vwid@rightmargin=\dimen381
LaTeX Info: Redefining \microtypecontext on input line 44.
Package microtype Info: Applying patch `item' on input line 44.
Package microtype Info: Applying patch `toc' on input line 44.
Package microtype Info: Applying patch `eqnum' on input line 44.
Package microtype Info: Applying patch `footnote' on input line 44.
Package microtype Info: Applying patch `verbatim' on input line 44.
LaTeX Info: Redefining \microtypesetup on input line 44.
Package microtype Info: Generating PDF output.
Package microtype Info: Character protrusion enabled (level 2).
Package microtype Info: Using default protrusion set `alltext'.
Package microtype Info: Automatic font expansion enabled (level 2),
(microtype)             stretch: 20, shrink: 20, step: 1, non-selected.
Package microtype Info: Using default expansion set `alltext-nott'.
Package microtype Info: Patching command `\showhyphens'.
Package microtype Info: No adjustment of tracking.
Package microtype Info: No adjustment of interword spacing.
Package microtype Info: No adjustment of character kerning.
(C:\Users\matti\AppData\Local\Programs\MiKTeX\tex/latex/microtype\mt-cmr.cfg
File: mt-cmr.cfg 2013/05/19 v2.2 microtype config. file: Computer Modern Roman 
(RS)
)
Package translations Info: no dictionary file `translations-basic-dictionary-it
alian.trsl' found. on input line 44.

(C:\Users\matti\AppData\Local\Programs\MiKTeX\tex/latex/translations/dicts\tran
slations-basic-dictionary-english.trsl
File: translations-basic-dictionary-english.trsl (english translation file `tra
nslations-basic-dictionary')
)
Package translations Info: loading dictionary `translations-basic-dictionary' f
or `english'. on input line 44.
 (common/config.tex)
(common/toptesi_config.tex) (common/frontpage.tex
*geometry* verbose mode - [ newgeometry ] result:
* driver: pdftex
* paper: a4paper
* layout: <same size as paper>
* layoutoffset:(h,v)=(0.0pt,0.0pt)
* modes: heightrounded 
* h-part:(L,W,R)=(85.35826pt, 426.79135pt, 85.35826pt)
* v-part:(T,H,B)=(113.81102pt, 617.4248pt, 113.81102pt)
* \paperwidth=597.50787pt
* \paperheight=845.04684pt
* \textwidth=426.79135pt
* \textheight=614.79846pt
* \oddsidemargin=13.08827pt
* \evensidemargin=13.08827pt
* \topmargin=4.54103pt
* \headheight=12.0pt
* \headsep=25.0pt
* \topskip=10.0pt
* \footskip=21.59995pt
* \marginparwidth=40.08586pt
* \marginparsep=11.0pt
* \columnsep=10.0pt
* \skip\footins=24.0pt plus 4.0pt minus 2.0pt
* \hoffset=0.0pt
* \voffset=0.0pt
* \mag=1000
* \@twocolumnfalse
* \@twosidefalse
* \@mparswitchfalse
* \@reversemarginfalse
* (1in=72.27pt=25.4mm, 1cm=28.453pt)

<images/logo/polito_logo_2021_blu-2-2.jpg, id=341, 845.3181pt x 326.4195pt>
File: images/logo/polito_logo_2021_blu-2-2.jpg Graphic file (type jpg)
<use images/logo/polito_logo_2021_blu-2-2.jpg>
Package pdftex.def Info: images/logo/polito_logo_2021_blu-2-2.jpg  used on inpu
t line 6.
(pdftex.def)             Requested size: 312.9803pt x 120.853pt.
Package microtype Info: Character `029' is missing
(microtype)             in font `T1/lmr/m/sc/20'.
(microtype)             Ignoring protrusion settings for this character.


LaTeX Font Warning: Font shape `T1/lmr/bx/sc' undefined
(Font)              using `T1/lmr/bx/n' instead on input line 10.

Package microtype Info: Character `029' is missing
(microtype)             in font `T1/lmr/m/sc/24'.
(microtype)             Ignoring protrusion settings for this character.
LaTeX Font Info:    Trying to load font information for OT1+lmr on input line 5
7.
(C:\Users\matti\AppData\Local\Programs\MiKTeX\tex/latex/lm\ot1lmr.fd
File: ot1lmr.fd 2015/05/01 v1.6.1 Font defs for Latin Modern
)
LaTeX Font Info:    Trying to load font information for OML+lmm on input line 5
7.

(C:\Users\matti\AppData\Local\Programs\MiKTeX\tex/latex/lm\omllmm.fd
File: omllmm.fd 2015/05/01 v1.6.1 Font defs for Latin Modern
)
LaTeX Font Info:    Trying to load font information for OMS+lmsy on input line 
57.

(C:\Users\matti\AppData\Local\Programs\MiKTeX\tex/latex/lm\omslmsy.fd
File: omslmsy.fd 2015/05/01 v1.6.1 Font defs for Latin Modern
)
LaTeX Font Info:    Trying to load font information for OMX+lmex on input line 
57.

(C:\Users\matti\AppData\Local\Programs\MiKTeX\tex/latex/lm\omxlmex.fd
File: omxlmex.fd 2015/05/01 v1.6.1 Font defs for Latin Modern
)
LaTeX Font Info:    External font `lmex10' loaded for size
(Font)              <12> on input line 57.
LaTeX Font Info:    External font `lmex10' loaded for size
(Font)              <8> on input line 57.
LaTeX Font Info:    External font `lmex10' loaded for size
(Font)              <6> on input line 57.
LaTeX Font Info:    Trying to load font information for U+msa on input line 57.


(C:\Users\matti\AppData\Local\Programs\MiKTeX\tex/latex/amsfonts\umsa.fd
File: umsa.fd 2013/01/14 v3.01 AMS symbols A
)
(C:\Users\matti\AppData\Local\Programs\MiKTeX\tex/latex/microtype\mt-msa.cfg
File: mt-msa.cfg 2006/02/04 v1.1 microtype config. file: AMS symbols (a) (RS)
)
LaTeX Font Info:    Trying to load font information for U+msb on input line 57.


(C:\Users\matti\AppData\Local\Programs\MiKTeX\tex/latex/amsfonts\umsb.fd
File: umsb.fd 2013/01/14 v3.01 AMS symbols B
)
(C:\Users\matti\AppData\Local\Programs\MiKTeX\tex/latex/microtype\mt-msb.cfg
File: mt-msb.cfg 2005/06/01 v1.0 microtype config. file: AMS symbols (b) (RS)
)
[1




{C:/Users/matti/AppData/Local/MiKTeX/fonts/map/pdftex/pdftex.map}{C:/Users/matt
i/AppData/Local/Programs/MiKTeX/fonts/enc/dvips/lm/lm-ec.enc} <./images/logo/po
lito_logo_2021_blu-2-2.jpg>]) (content/abstract.tex
pdfTeX warning (ext4): destination with the same identifier (name{page.i}) has 
been already used, duplicate ignored
<to be read again> 
                   \relax 
l.50 \end{abstract}
                    [1


])
pdfTeX warning (ext4): destination with the same identifier (name{page.i}) has 
been already used, duplicate ignored
<to be read again> 
                   \relax 
l.75 	\paginavuota
                   % to manually create a blank page [1

]
(content/acknowledgements.tex
Overfull \hbox (5.23453pt too wide) in paragraph at lines 10--11
\T1/lmr/m/n/12 (-20) Giuseppe e Bec-ca-ria Iose, per il sostegno in-con-dizion-
ato, la fidu-cia e l'incoraggiamento|
 []

)
Package microtype Info: Character `029' is missing
(microtype)             in font `T1/lmr/m/sc/12'.
(microtype)             Ignoring protrusion settings for this character.
 [2


] [3

] (thesis.toc [4


{C:/Users/matti/AppData/Local/Programs/MiKTeX/fonts/enc/dvips/lm/lm-mathit.enc}
{C:/Users/matti/AppData/Local/Programs/MiKTeX/fonts/enc/dvips/lm/lm-rm.enc}] [5
{C:/Users/matti/AppData/Local/Programs/MiKTeX/fonts/enc/dvips/lm/lm-mathsy.enc}
])
\tf@toc=\write7
\openout7 = `thesis.toc'.

 [6] (thesis.lof
Underfull \vbox (badness 10000) has occurred while \output is active []

 [7


]
LaTeX Font Info:    Trying to load font information for T1+lmtt on input line 2
5.

(C:\Users\matti\AppData\Local\Programs\MiKTeX\tex/latex/lm\t1lmtt.fd
File: t1lmtt.fd 2015/05/01 v1.6.1 Font defs for Latin Modern
)
Package microtype Info: Loading generic protrusion settings for font family
(microtype)             `lmtt' (encoding: T1).
(microtype)             For optimal results, create family-specific settings.
(microtype)             See the microtype manual for details.

Underfull \vbox (badness 10000) has occurred while \output is active []

 [8])
\tf@lof=\write8
\openout8 = `thesis.lof'.


[9] (content/chapters/chapter1.tex
Chapter 1.

LaTeX Warning: Citation 'tsai1989new' on page 1 undefined on input line 33.

[1



{C:/Users/matti/AppData/Local/Programs/MiKTeX/fonts/enc/dvips/lm/lm-mathex.enc}
]

LaTeX Warning: Citation 'horaud1995hand' on page 2 undefined on input line 58.


LaTeX Warning: Citation 'park1994robot' on page 2 undefined on input line 58.


Underfull \vbox (badness 1062) has occurred while \output is active []

 [2]
LaTeX Font Info:    Trying to load font information for TS1+lmr on input line 9
3.

(C:\Users\matti\AppData\Local\Programs\MiKTeX\tex/latex/lm\ts1lmr.fd
File: ts1lmr.fd 2015/05/01 v1.6.1 Font defs for Latin Modern
)
<images/chapter1Images/hand-eye-calib-configs.png, id=623, 566.71725pt x 302.32
95pt>
File: images/chapter1Images/hand-eye-calib-configs.png Graphic file (type png)
<use images/chapter1Images/hand-eye-calib-configs.png>
Package pdftex.def Info: images/chapter1Images/hand-eye-calib-configs.png  used
 on input line 104.
(pdftex.def)             Requested size: 292.77629pt x 156.19272pt.


LaTeX Warning: Citation 'tsai1989new' on page 3 undefined on input line 121.

[3{C:/Users/matti/AppData/Local/Programs/MiKTeX/fonts/enc/dvips/lm/lm-ts1.enc} 
<./images/chapter1Images/hand-eye-calib-configs.png>]

LaTeX Warning: Citation 'tsai1989new' on page 4 undefined on input line 137.


LaTeX Warning: Citation 'park1994robot' on page 4 undefined on input line 138.

[4] [5]
Overfull \hbox (3.06552pt too wide) in paragraph at lines 239--242
[]\T1/lmr/m/n/12 (-20) Multiple hand-eye cal-i-bra-tion al-go-rithms were com-p
ared us-ing iden-ti-cal datasets|
 []

) (content/chapters/chapter2.tex [6]
Chapter 2.
[7

]
<images/chapter2Images/frame2frame.png, id=661, 528.47438pt x 342.5297pt>
File: images/chapter2Images/frame2frame.png Graphic file (type png)
<use images/chapter2Images/frame2frame.png>
Package pdftex.def Info: images/chapter2Images/frame2frame.png  used on input l
ine 73.
(pdftex.def)             Requested size: 250.95476pt x 162.65625pt.
 [8 <./images/chapter2Images/frame2frame.png>] [9]
LaTeX Font Info:    Calculating math sizes for size <14.39996> on input line 19
7.
LaTeX Font Info:    External font `lmex10' loaded for size
(Font)              <14.39996> on input line 197.
LaTeX Font Info:    External font `lmex10' loaded for size
(Font)              <10.07993> on input line 197.
LaTeX Font Info:    External font `lmex10' loaded for size
(Font)              <7.19998> on input line 197.
LaTeX Font Info:    Trying to load font information for U+euf on input line 217
.

(C:\Users\matti\AppData\Local\Programs\MiKTeX\tex/latex/amsfonts\ueuf.fd
File: ueuf.fd 2013/01/14 v3.01 Euler Fraktur
)
(C:\Users\matti\AppData\Local\Programs\MiKTeX\tex/latex/microtype\mt-euf.cfg
File: mt-euf.cfg 2006/07/03 v1.1 microtype config. file: AMS Euler Fraktur (RS)

)
[10]
<images/chapter2Images/FanucLRMate200id.png, id=708, 2569.6pt x 1718.42pt>
File: images/chapter2Images/FanucLRMate200id.png Graphic file (type png)
<use images/chapter2Images/FanucLRMate200id.png>
Package pdftex.def Info: images/chapter2Images/FanucLRMate200id.png  used on in
put line 299.
(pdftex.def)             Requested size: 200.75996pt x 134.25124pt.
<images/chapter2Images/denavitHartenberg.png, id=709, 578.16pt x 505.89pt>
File: images/chapter2Images/denavitHartenberg.png Graphic file (type png)
<use images/chapter2Images/denavitHartenberg.png>
Package pdftex.def Info: images/chapter2Images/denavitHartenberg.png  used on i
nput line 306.
(pdftex.def)             Requested size: 200.75996pt x 175.65924pt.
 [11] [12 <./images/chapter2Images/FanucLRMate200id.png (PNG copy)> <./images/c
hapter2Images/denavitHartenberg.png>]
<images/chapter2Images/pinholeCameraModel.png, id=732, 539.01375pt x 243.91125p
t>
File: images/chapter2Images/pinholeCameraModel.png Graphic file (type png)
<use images/chapter2Images/pinholeCameraModel.png>
Package pdftex.def Info: images/chapter2Images/pinholeCameraModel.png  used on 
input line 413.
(pdftex.def)             Requested size: 313.69025pt x 141.95244pt.
 [13] [14 <./images/chapter2Images/pinholeCameraModel.png>] [15]
<images/chapter2Images/005_comparison_markers.png, id=759, 8222.72pt x 3011.25p
t>
File: images/chapter2Images/005_comparison_markers.png Graphic file (type png)
<use images/chapter2Images/005_comparison_markers.png>
Package pdftex.def Info: images/chapter2Images/005_comparison_markers.png  used
 on input line 520.
(pdftex.def)             Requested size: 418.25368pt x 153.1444pt.
<images/chapter2Images/005_comparison_markers_zoom.png, id=760, 426.393pt x 296
.90926pt>
File: images/chapter2Images/005_comparison_markers_zoom.png Graphic file (type 
png)
<use images/chapter2Images/005_comparison_markers_zoom.png>
Package pdftex.def Info: images/chapter2Images/005_comparison_markers_zoom.png 
 used on input line 529.
(pdftex.def)             Requested size: 418.25368pt x 291.24997pt.
 [16] [17 <./images/chapter2Images/005_comparison_markers.png> <./images/chapte
r2Images/005_comparison_markers_zoom.png>] [18]
Overfull \hbox (27.33694pt too wide) in paragraph at lines 695--701
\T1/lmr/m/n/12 (-20) gin. This can be gen-er-ated di-rectly from OpenCV's \T1/l
mtt/m/n/12 cv::drawChessboardCorners()|
 []


LaTeX Warning: Citation 'tsai1989new' on page 19 undefined on input line 717.


LaTeX Warning: Citation 'horaud1995hand' on page 19 undefined on input line 717
.

[19]

LaTeX Warning: Citation 'tsai1989new' on page 20 undefined on input line 749.


LaTeX Warning: Citation 'tsai1989new' on page 20 undefined on input line 767.


LaTeX Warning: Citation 'horaud1995hand' on page 20 undefined on input line 768
.


LaTeX Warning: Citation 'park1994robot' on page 20 undefined on input line 770.


[20]
<images/chapter2Images/eye_to_in_hand.png, id=827, 709.90219pt x 380.92313pt>
File: images/chapter2Images/eye_to_in_hand.png Graphic file (type png)
<use images/chapter2Images/eye_to_in_hand.png>
Package pdftex.def Info: images/chapter2Images/eye_to_in_hand.png  used on inpu
t line 825.
(pdftex.def)             Requested size: 376.42575pt x 201.98709pt.


LaTeX Warning: Citation 'horaud1995hand' on page 21 undefined on input line 842
.


Overfull \hbox (8.53363pt too wide) in paragraph at lines 840--844
\T1/lmr/m/n/12 (-20) and the same $[] \OT1/lmr/m/n/12 (-20) = []$ \T1/lmr/m/n/1
2 (-20) struc-ture of equa-tion [] is pre-served [[],|
 []


LaTeX Warning: Citation 'tsai1989new' on page 21 undefined on input line 857.

[21] [22 <./images/chapter2Images/eye_to_in_hand.png>]

LaTeX Warning: Citation 'horaud1995hand' on page 23 undefined on input line 864
.


Overfull \hbox (58.37788pt too wide) in paragraph at lines 864--868
 []\T1/lmr/bx/n/12 (-20) Simultaneous rotation--translation meth-ods.[] \T1/lmr
/m/n/12 (-20) Ho-raud and Dor-naika [[]]|
 []


LaTeX Warning: Citation 'park1994robot' on page 23 undefined on input line 900.


[23]
LaTeX Font Info:    Calculating math sizes for size <10.95007> on input line 97
8.
LaTeX Font Info:    External font `lmex10' loaded for size
(Font)              <10.95007> on input line 978.
LaTeX Font Info:    External font `lmex10' loaded for size
(Font)              <7.66501> on input line 978.
LaTeX Font Info:    External font `lmex10' loaded for size
(Font)              <5.47504> on input line 978.
 [24] [25]

LaTeX Warning: Citation 'HoraudDornaika2023' on page 26 undefined on input line
 1022.


LaTeX Warning: Citation 'HoraudDornaika2023' on page 26 undefined on input line
 1045.

[26]) (content/chapters/chapter3.tex [27]
Chapter 3.

Overfull \hbox (96.09732pt too wide) in paragraph at lines 24--41
 [][] |
 []

[28

]
<images/chapter4Images/FanucLRMate200id.png, id=919, 2569.6pt x 1718.42pt>
File: images/chapter4Images/FanucLRMate200id.png Graphic file (type png)
<use images/chapter4Images/FanucLRMate200id.png>
Package pdftex.def Info: images/chapter4Images/FanucLRMate200id.png  used on in
put line 64.
(pdftex.def)             Requested size: 230.04079pt x 153.83827pt.
<images/chapter4Images/fanuc_and_pendant.png, id=920, 903.375pt x 1204.5pt>
File: images/chapter4Images/fanuc_and_pendant.png Graphic file (type png)
<use images/chapter4Images/fanuc_and_pendant.png>
Package pdftex.def Info: images/chapter4Images/fanuc_and_pendant.png  used on i
nput line 75.
(pdftex.def)             Requested size: 133.84424pt x 178.44333pt.
<images/chapter4Images/full_fanuc_experimental_setup.png, id=921, 1204.5pt x 90
3.375pt>
File: images/chapter4Images/full_fanuc_experimental_setup.png Graphic file (typ
e png)
<use images/chapter4Images/full_fanuc_experimental_setup.png>
Package pdftex.def Info: images/chapter4Images/full_fanuc_experimental_setup.pn
g  used on input line 84.
(pdftex.def)             Requested size: 133.84424pt x 100.3778pt.

Underfull \hbox (badness 2600) in paragraph at lines 85--85
[]\T1/lmr/bx/n/10.95007 (+20) (b) |\T1/lmr/m/n/10.95007 (+20) Com-plete ex-per-
i-men-
 []

<images/chapter4Images/experimental_setup_from_above.png, id=922, 1204.5pt x 90
3.375pt>
File: images/chapter4Images/experimental_setup_from_above.png Graphic file (typ
e png)
<use images/chapter4Images/experimental_setup_from_above.png>
Package pdftex.def Info: images/chapter4Images/experimental_setup_from_above.pn
g  used on input line 93.
(pdftex.def)             Requested size: 133.84424pt x 100.3778pt.
[29 <./images/chapter4Images/FanucLRMate200id.png (PNG copy)>] [30 <./images/ch
apter4Images/fanuc_and_pendant.png> <./images/chapter4Images/full_fanuc_experim
ental_setup.png> <./images/chapter4Images/experimental_setup_from_above.png>]
<images/chapter4Images/Camera.png, id=937, 1204.5pt x 903.375pt>
File: images/chapter4Images/Camera.png Graphic file (type png)
<use images/chapter4Images/Camera.png>
Package pdftex.def Info: images/chapter4Images/Camera.png  used on input line 1
48.
(pdftex.def)             Requested size: 200.75996pt x 150.56673pt.
<images/chapter4Images/Camera-end-effector-link.png, id=938, 903.375pt x 1204.5
pt>
File: images/chapter4Images/Camera-end-effector-link.png Graphic file (type png
)
<use images/chapter4Images/Camera-end-effector-link.png>
Package pdftex.def Info: images/chapter4Images/Camera-end-effector-link.png  us
ed on input line 154.
(pdftex.def)             Requested size: 200.75996pt x 267.67418pt.

Underfull \hbox (badness 7064) in paragraph at lines 155--155
[]|\T1/lmr/m/n/12 (+20) (b) 3D-printed camera^^Uend-effector
 []

[31] [32 <./images/chapter4Images/Camera.png> <./images/chapter4Images/Camera-e
nd-effector-link.png>]
<images/chapter3Images/chessboardVertical.png, id=953, 1842.885pt x 1541.76pt>
File: images/chapter3Images/chessboardVertical.png Graphic file (type png)
<use images/chapter3Images/chessboardVertical.png>
Package pdftex.def Info: images/chapter3Images/chessboardVertical.png  used on 
input line 209.
(pdftex.def)             Requested size: 188.21288pt x 157.45505pt.
 [33 <./images/chapter3Images/chessboardVertical.png>]
[34] [35]

LaTeX Warning: `h' float specifier changed to `ht'.

LaTeX Font Info:    Calculating math sizes for size <10.00012> on input line 48
4.
LaTeX Font Info:    External font `lmex10' loaded for size
(Font)              <10.00012> on input line 484.
LaTeX Font Info:    External font `lmex10' loaded for size
(Font)              <7.00005> on input line 484.
LaTeX Font Info:    External font `lmex10' loaded for size
(Font)              <5.00006> on input line 484.
[36] [37] [38] [39]

LaTeX Warning: Float too large for page by 19.90855pt on input line 725.

) (content/chapters/chapter4.tex [40] [41]
Chapter 4.
<images/chapter4Images/chessboardVertical.png, id=1041, 2457.18pt x 2055.68pt>
File: images/chapter4Images/chessboardVertical.png Graphic file (type png)
<use images/chapter4Images/chessboardVertical.png>
Package pdftex.def Info: images/chapter4Images/chessboardVertical.png  used on 
input line 38.
(pdftex.def)             Requested size: 175.66577pt x 146.95491pt.

Underfull \vbox (badness 6691) has occurred while \output is active []

 [42

]
[43 <./images/chapter4Images/chessboardVertical.png (PNG copy)>]
<images/chapter4Images/pose_021.png, id=1053, 1284.8pt x 1027.84pt>
File: images/chapter4Images/pose_021.png Graphic file (type png)
<use images/chapter4Images/pose_021.png>
Package pdftex.def Info: images/chapter4Images/pose_021.png  used on input line
 85.
(pdftex.def)             Requested size: 259.31523pt x 207.44638pt.
<images/chapter4Images/pose_021_particular.png, id=1054, 642.60075pt x 307.7497
6pt>
File: images/chapter4Images/pose_021_particular.png Graphic file (type png)
<use images/chapter4Images/pose_021_particular.png>
Package pdftex.def Info: images/chapter4Images/pose_021_particular.png  used on
 input line 94.
(pdftex.def)             Requested size: 142.20471pt x 68.0996pt.
 [44 <./images/chapter4Images/pose_021.png (PNG copy)> <./images/chapter4Images
/pose_021_particular.png>]
Overfull \hbox (0.56647pt too wide) in paragraph at lines 123--125
[]\T1/lmr/m/n/12 (-20) the cam-era in-trin-sic ma-trix $\OT1/lmr/bx/n/12 (-20) 
K$ \T1/lmr/m/n/12 (-20) (equa-tion []), pa-ram-e-terised by $\OT1/lmr/m/n/12 (-
20) (\OML/lmm/m/it/12 f[]; f[]; c[]; c[]\OT1/lmr/m/n/12 (-20) )$|
 []


Overfull \hbox (14.404pt too wide) in paragraph at lines 153--159
\T1/lmtt/m/n/12 cv::aruco::calibrateCameraCharuco()\T1/lmr/m/n/12 (-20) , which
 in-ter-nally calls \T1/lmtt/m/n/12 calibrateCamera()|
 []

[45]
<images/chapter4Images/005_comparison_markers.png, id=1077, 8222.72pt x 3011.25
pt>
File: images/chapter4Images/005_comparison_markers.png Graphic file (type png)
<use images/chapter4Images/005_comparison_markers.png>
Package pdftex.def Info: images/chapter4Images/005_comparison_markers.png  used
 on input line 232.
(pdftex.def)             Requested size: 313.69025pt x 114.86978pt.
 [46 <./images/chapter4Images/005_comparison_markers.png>] [47] [48]

LaTeX Warning: Citation 'tsai1989new' on page 49 undefined on input line 458.


LaTeX Warning: Citation 'park1994robot' on page 49 undefined on input line 462.



LaTeX Warning: Citation 'horaud1995hand' on page 49 undefined on input line 466
.


LaTeX Warning: Citation 'andreff1999online' on page 49 undefined on input line 
470.


Overfull \hbox (202.24847pt too wide) in paragraph at lines 450--479
 [][] |
 []

[49]
Overfull \hbox (2.39574pt too wide) in paragraph at lines 534--538
[]\T1/lmr/m/n/12 (-20) Preliminary ex-per-i-ments in-di-cated that the Tsai--Le
nz, Park--Martin, and Horaud--|
 []

[50]
Package hyperref Info: bookmark level for unknown algorithm defaults to 0 on in
put line 597.

Underfull \hbox (badness 1281) in paragraph at lines 600--604
[]\T1/lmr/m/n/12 (+20) Robot poses $\OMS/lmsy/m/n/12 f[][]\OT1/lmr/bx/n/12 (+20
) T[]\OMS/lmsy/m/n/12 g[]$\T1/lmr/m/n/12 (+20) , cal-i-bra-tion im-ages $\OMS/l
msy/m/n/12 fI[]g[]$\T1/lmr/m/n/12 (+20) , in-trin-sics
 []

LaTeX Font Info:    Font shape `T1/lmtt/bx/n' in size <10.95007> not available
(Font)              Font shape `T1/lmtt/b/n' tried instead on input line 679.
[51] [52] [53] [54]

LaTeX Warning: Citation 'park1994robot' on page 55 undefined on input line 850.


) (content/chapters/chapter5.tex [55]
Chapter 5.
[56

]
<images/chapter5Images/workspace.png, id=1185, 963.6pt x 722.7pt>
File: images/chapter5Images/workspace.png Graphic file (type png)
<use images/chapter5Images/workspace.png>
Package pdftex.def Info: images/chapter5Images/workspace.png  used on input lin
e 44.
(pdftex.def)             Requested size: 200.75996pt x 150.56947pt.
<images/chapter5Images/006.png, id=1186, 4111.36pt x 3011.25pt>
File: images/chapter5Images/006.png Graphic file (type png)
<use images/chapter5Images/006.png>
Package pdftex.def Info: images/chapter5Images/006.png  used on input line 52.
(pdftex.def)             Requested size: 200.75996pt x 147.03333pt.
<images/chapter5Images/001.png, id=1187, 4111.36pt x 3011.25pt>
File: images/chapter5Images/001.png Graphic file (type png)
<use images/chapter5Images/001.png>
Package pdftex.def Info: images/chapter5Images/001.png  used on input line 62.
(pdftex.def)             Requested size: 200.75996pt x 147.03333pt.
<images/chapter5Images/000.png, id=1188, 4111.36pt x 3011.25pt>
File: images/chapter5Images/000.png Graphic file (type png)
<use images/chapter5Images/000.png>
Package pdftex.def Info: images/chapter5Images/000.png  used on input line 70.
(pdftex.def)             Requested size: 200.75996pt x 147.03333pt.
 [57] [58 <./images/chapter5Images/workspace.png> <./images/chapter5Images/006.
png (PNG copy)> <./images/chapter5Images/001.png (PNG copy)> <./images/chapter5
Images/000.png (PNG copy)>]
File: images/chapter5Images/000.png Graphic file (type png)
<use images/chapter5Images/000.png>
Package pdftex.def Info: images/chapter5Images/000.png  used on input line 133.

(pdftex.def)             Requested size: 133.84424pt x 98.0069pt.
<images/chapter5Images/motion_blur.png, id=1205, 1284.8pt x 1027.84pt>
File: images/chapter5Images/motion_blur.png Graphic file (type png)
<use images/chapter5Images/motion_blur.png>
Package pdftex.def Info: images/chapter5Images/motion_blur.png  used on input l
ine 144.
(pdftex.def)             Requested size: 133.84424pt x 107.07162pt.
<images/chapter5Images/insufficient_corners.png, id=1206, 3854.4pt x 2168.1pt>
File: images/chapter5Images/insufficient_corners.png Graphic file (type png)
<use images/chapter5Images/insufficient_corners.png>
Package pdftex.def Info: images/chapter5Images/insufficient_corners.png  used o
n input line 155.
(pdftex.def)             Requested size: 133.84424pt x 75.26268pt.
 [59] [60 <./images/chapter5Images/motion_blur.png> <./images/chapter5Images/in
sufficient_corners.png (PNG copy)>] [61]
<images/chapter5Images/reprojection.png, id=1229, 1212.53pt x 908.39375pt>
File: images/chapter5Images/reprojection.png Graphic file (type png)
<use images/chapter5Images/reprojection.png>
Package pdftex.def Info: images/chapter5Images/reprojection.png  used on input 
line 256.
(pdftex.def)             Requested size: 133.84424pt x 100.27014pt.
<images/chapter5Images/reprojection_bad.png, id=1230, 1107.13625pt x 773.89125p
t>
File: images/chapter5Images/reprojection_bad.png Graphic file (type png)
<use images/chapter5Images/reprojection_bad.png>
Package pdftex.def Info: images/chapter5Images/reprojection_bad.png  used on in
put line 262.
(pdftex.def)             Requested size: 133.84424pt x 93.54784pt.

Underfull \hbox (badness 2334) in paragraph at lines 263--263
\T1/lmr/m/n/10.95007 (+20) duc-ing ap-prox-i-mately 1.5
 []

[62 <./images/chapter5Images/reprojection.png> <./images/chapter5Images/reproje
ction_bad.png>]
Overfull \hbox (9.07816pt too wide) in paragraph at lines 296--304
 [][] |
 []

[63]
File: images/chapter2Images/005_comparison_markers.png Graphic file (type png)
<use images/chapter2Images/005_comparison_markers.png>
Package pdftex.def Info: images/chapter2Images/005_comparison_markers.png  used
 on input line 316.
(pdftex.def)             Requested size: 200.75996pt x 73.51666pt.
 [64]
<images/chapter5Images/convergence.png, id=1254, 578.16pt x 324.4923pt>
File: images/chapter5Images/convergence.png Graphic file (type png)
<use images/chapter5Images/convergence.png>
Package pdftex.def Info: images/chapter5Images/convergence.png  used on input l
ine 391.
(pdftex.def)             Requested size: 418.25368pt x 234.74338pt.

Overfull \hbox (14.63321pt too wide) in paragraph at lines 391--392
 [][] |
 []


Underfull \vbox (badness 1635) has occurred while \output is active []

 [65]
[66 <./images/chapter5Images/convergence.png>] [67] [68]
Underfull \vbox (badness 1776) has occurred while \output is active []

 [69]
[70] [71]
<images/chapter5Images/supata_overview.png, id=1293, 963.6pt x 722.7pt>
File: images/chapter5Images/supata_overview.png Graphic file (type png)
<use images/chapter5Images/supata_overview.png>
Package pdftex.def Info: images/chapter5Images/supata_overview.png  used on inp
ut line 547.
(pdftex.def)             Requested size: 334.60422pt x 250.9528pt.
 [72 <./images/chapter5Images/supata_overview.png>]
<images/chapter5Images/supata_detection.png, id=1299, 462.528pt x 346.896pt>
File: images/chapter5Images/supata_detection.png Graphic file (type png)
<use images/chapter5Images/supata_detection.png>
Package pdftex.def Info: images/chapter5Images/supata_detection.png  used on in
put line 564.
(pdftex.def)             Requested size: 200.75996pt x 150.57036pt.
<images/chapter5Images/supata_mask.png, id=1300, 462.528pt x 346.896pt>
File: images/chapter5Images/supata_mask.png Graphic file (type png)
<use images/chapter5Images/supata_mask.png>
Package pdftex.def Info: images/chapter5Images/supata_mask.png  used on input l
ine 575.
(pdftex.def)             Requested size: 200.75996pt x 150.57036pt.
<images/chapter5Images/supata_grasp_detail.png, id=1301, 370.38374pt x 124.2140
7pt>
File: images/chapter5Images/supata_grasp_detail.png Graphic file (type png)
<use images/chapter5Images/supata_grasp_detail.png>
Package pdftex.def Info: images/chapter5Images/supata_grasp_detail.png  used on
 input line 587.
(pdftex.def)             Requested size: 292.77629pt x 98.18867pt.


LaTeX Warning: Float too large for page by 29.14568pt on input line 594.

<images/chapter5Images/supata_tray_layout.png, id=1302, 963.6pt x 722.7pt>
File: images/chapter5Images/supata_tray_layout.png Graphic file (type png)
<use images/chapter5Images/supata_tray_layout.png>
Package pdftex.def Info: images/chapter5Images/supata_tray_layout.png  used on 
input line 602.
(pdftex.def)             Requested size: 334.60422pt x 250.9528pt.
) (content/chapters/chapter6.tex [73] [74 <./images/chapter5Images/supata_detec
tion.png> <./images/chapter5Images/supata_mask.png> <./images/chapter5Images/su
pata_grasp_detail.png>] [75 <./images/chapter5Images/supata_tray_layout.png>]
Chapter 6.
[76

]) [77] [78

] [79

]
Overfull \hbox (4.77144pt too wide) in paragraph at lines 133--133
[]\T1/lmr/m/n/12 (-20) Bruno Si-cil-iano, Lorenzo Sci-av-icco, Luigi Vil-lani, 
and Giuseppe Ori-olo. \T1/lmr/m/it/12 (-20) Robotics:|
 []

[80


] [81] [82] (thesis.aux)
 ***********
LaTeX2e <2025-11-01>
L3 programming layer <2026-01-19>
 ***********


LaTeX Font Warning: Some font shapes were not available, defaults substituted.


LaTeX Warning: There were multiply-defined labels.

Package rerunfilecheck Info: File `thesis.out' has not changed.
(rerunfilecheck)             Checksum: 0FFA0E479DC1082679FF8BE567EAC65E;15364.
Package logreq Info: Writing requests to 'thesis.run.xml'.
\openout1 = `thesis.run.xml'.

 ) 
Here is how much of TeX's memory you used:
 57020 strings out of 467867
 1175593 string characters out of 5418334
 2220437 words of memory out of 5000000
 84209 multiletter control sequences out of 15000+600000
 827718 words of font info for 442 fonts, out of 8000000 for 9000
 1141 hyphenation exceptions out of 8191
 138i,12n,135p,2587b,2967s stack positions out of 10000i,1000n,20000p,200000b,200000s
<C:/Users/matti/AppData/Local/Programs/MiKTeX/fonts/type1/public/amsfonts/eul
er/eufm10.pfb><C:/Users/matti/AppData/Local/Programs/MiKTeX/fonts/type1/public/
lm/lmbx10.pfb><C:/Users/matti/AppData/Local/Programs/MiKTeX/fonts/type1/public/
lm/lmbx12.pfb><C:/Users/matti/AppData/Local/Programs/MiKTeX/fonts/type1/public/
lm/lmbx8.pfb><C:/Users/matti/AppData/Local/Programs/MiKTeX/fonts/type1/public/l
m/lmbxi10.pfb><C:/Users/matti/AppData/Local/Programs/MiKTeX/fonts/type1/public/
lm/lmcsc10.pfb><C:/Users/matti/AppData/Local/Programs/MiKTeX/fonts/type1/public
/lm/lmex10.pfb><C:/Users/matti/AppData/Local/Programs/MiKTeX/fonts/type1/public
/lm/lmmi10.pfb><C:/Users/matti/AppData/Local/Programs/MiKTeX/fonts/type1/public
/lm/lmmi12.pfb><C:/Users/matti/AppData/Local/Programs/MiKTeX/fonts/type1/public
/lm/lmmi6.pfb><C:/Users/matti/AppData/Local/Programs/MiKTeX/fonts/type1/public/
lm/lmmi7.pfb><C:/Users/matti/AppData/Local/Programs/MiKTeX/fonts/type1/public/l
m/lmmi8.pfb><C:/Users/matti/AppData/Local/Programs/MiKTeX/fonts/type1/public/lm
/lmmib10.pfb><C:/Users/matti/AppData/Local/Programs/MiKTeX/fonts/type1/public/l
m/lmr10.pfb><C:/Users/matti/AppData/Local/Programs/MiKTeX/fonts/type1/public/lm
/lmr12.pfb><C:/Users/matti/AppData/Local/Programs/MiKTeX/fonts/type1/public/lm/
lmr6.pfb><C:/Users/matti/AppData/Local/Programs/MiKTeX/fonts/type1/public/lm/lm
r7.pfb><C:/Users/matti/AppData/Local/Programs/MiKTeX/fonts/type1/public/lm/lmr8
.pfb><C:/Users/matti/AppData/Local/Programs/MiKTeX/fonts/type1/public/lm/lmri10
.pfb><C:/Users/matti/AppData/Local/Programs/MiKTeX/fonts/type1/public/lm/lmri12
.pfb><C:/Users/matti/AppData/Local/Programs/MiKTeX/fonts/type1/public/lm/lmro10
.pfb><C:/Users/matti/AppData/Local/Programs/MiKTeX/fonts/type1/public/lm/lmsy10
.pfb><C:/Users/matti/AppData/Local/Programs/MiKTeX/fonts/type1/public/lm/lmsy6.
pfb><C:/Users/matti/AppData/Local/Programs/MiKTeX/fonts/type1/public/lm/lmsy8.p
fb><C:/Users/matti/AppData/Local/Programs/MiKTeX/fonts/type1/public/lm/lmtk10.p
fb><C:/Users/matti/AppData/Local/Programs/MiKTeX/fonts/type1/public/lm/lmtt10.p
fb><C:/Users/matti/AppData/Local/Programs/MiKTeX/fonts/type1/public/lm/lmtt12.p
fb><C:/Users/matti/AppData/Local/Programs/MiKTeX/fonts/type1/public/amsfonts/sy
mbols/msbm10.pfb>
Output written on thesis.pdf (93 pages, 71649829 bytes).
PDF statistics:
 1647 PDF objects out of 1728 (max. 8388607)
 330 named destinations out of 1000 (max. 500000)
 104791 words of extra memory for PDF output out of 106986 (max. 10000000)

